threshold,tp,fp,fn,tn,precision,recall,f1,q,actions_per_1000,cost_control,cost_realistic,cost_stress
1e-06,170,281,0,4,0.376940133037694,1.0,0.5475040257648953,0.9912087912087912,991.2087912087912,0.6175824175824176,0.6175824175824176,0.6175824175824176
2.1544346900318822e-06,170,279,0,6,0.37861915367483295,1.0,0.5492730210016156,0.9868131868131869,986.8131868131868,0.6131868131868132,0.6131868131868132,0.6131868131868132
4.641588833612782e-06,170,279,0,6,0.37861915367483295,1.0,0.5492730210016156,0.9868131868131869,986.8131868131868,0.6131868131868132,0.6131868131868132,0.6131868131868132
1e-05,170,273,0,12,0.3837471783295711,1.0,0.5546492659053833,0.9736263736263736,973.6263736263736,0.6,0.6,0.6
2.1544346900318823e-05,170,269,0,16,0.38724373576309795,1.0,0.5582922824302134,0.9648351648351648,964.8351648351648,0.5912087912087912,0.5912087912087912,0.5912087912087912
4.641588833612772e-05,170,252,0,33,0.4028436018957346,1.0,0.5743243243243243,0.9274725274725275,927.4725274725275,0.5538461538461539,0.5538461538461539,0.5538461538461539
0.0001,170,234,0,51,0.4207920792079208,1.0,0.5923344947735192,0.8879120879120879,887.9120879120878,0.5142857142857142,0.5142857142857142,0.5142857142857142
0.00021544346900318823,170,211,0,74,0.4461942257217848,1.0,0.617059891107078,0.8373626373626374,837.3626373626374,0.46373626373626375,0.46373626373626375,0.46373626373626375
0.00046415888336127773,170,193,0,92,0.46831955922865015,1.0,0.6378986866791745,0.7978021978021979,797.8021978021978,0.42417582417582417,0.42417582417582417,0.42417582417582417
0.001,170,170,0,115,0.5,1.0,0.6666666666666666,0.7472527472527473,747.2527472527472,0.37362637362637363,0.37362637362637363,0.37362637362637363
0.002,170,143,0,142,0.5431309904153354,1.0,0.7039337474120082,0.6879120879120879,687.9120879120879,0.3142857142857143,0.3142857142857143,0.3142857142857143
0.003,169,130,1,155,0.5652173913043478,0.9941176470588236,0.7206823027718551,0.6571428571428571,657.1428571428571,0.2879120879120879,0.3076923076923077,0.3956043956043956
0.004,169,120,1,165,0.5847750865051903,0.9941176470588236,0.7363834422657952,0.6351648351648351,635.1648351648352,0.26593406593406593,0.2857142857142857,0.37362637362637363
0.005,169,112,1,173,0.6014234875444839,0.9941176470588236,0.7494456762749445,0.6175824175824176,617.5824175824176,0.24835164835164836,0.2681318681318681,0.35604395604395606
0.006,169,104,1,181,0.6190476190476191,0.9941176470588236,0.7629796839729119,0.6,600.0,0.23076923076923078,0.25054945054945055,0.3384615384615385
0.007,169,102,1,183,0.6236162361623616,0.9941176470588236,0.7664399092970521,0.5956043956043956,595.6043956043956,0.22637362637362637,0.24615384615384617,0.33406593406593404
0.008,169,98,1,187,0.6329588014981273,0.9941176470588236,0.7734553775743707,0.5868131868131868,586.8131868131868,0.2175824175824176,0.23736263736263735,0.3252747252747253
0.009000000000000001,169,95,1,190,0.6401515151515151,0.9941176470588236,0.7788018433179723,0.5802197802197803,580.2197802197803,0.210989010989011,0.23076923076923078,0.31868131868131866
0.010000000000000002,169,89,1,196,0.6550387596899225,0.9941176470588236,0.7897196261682243,0.567032967032967,567.032967032967,0.1978021978021978,0.2175824175824176,0.3054945054945055
0.011,169,87,1,198,0.66015625,0.9941176470588236,0.7934272300469484,0.5626373626373626,562.6373626373627,0.1934065934065934,0.21318681318681318,0.3010989010989011
0.012,169,84,1,201,0.6679841897233202,0.9941176470588236,0.7990543735224586,0.5560439560439561,556.0439560439561,0.18681318681318682,0.20659340659340658,0.2945054945054945
0.013000000000000001,169,81,1,204,0.676,0.9941176470588236,0.8047619047619048,0.5494505494505495,549.4505494505495,0.18021978021978022,0.2,0.2879120879120879
0.014000000000000002,169,79,1,206,0.6814516129032258,0.9941176470588236,0.8086124401913874,0.545054945054945,545.054945054945,0.17582417582417584,0.1956043956043956,0.2835164835164835
0.015,169,76,1,209,0.689795918367347,0.9941176470588236,0.8144578313253013,0.5384615384615384,538.4615384615385,0.16923076923076924,0.189010989010989,0.27692307692307694
0.016,169,76,1,209,0.689795918367347,0.9941176470588236,0.8144578313253013,0.5384615384615384,538.4615384615385,0.16923076923076924,0.189010989010989,0.27692307692307694
0.017,169,74,1,211,0.6954732510288066,0.9941176470588236,0.818401937046005,0.5340659340659341,534.065934065934,0.16483516483516483,0.18461538461538463,0.2725274725274725
0.018000000000000002,169,74,1,211,0.6954732510288066,0.9941176470588236,0.818401937046005,0.5340659340659341,534.065934065934,0.16483516483516483,0.18461538461538463,0.2725274725274725
0.019000000000000003,169,72,1,213,0.7012448132780082,0.9941176470588236,0.8223844282238443,0.5296703296703297,529.6703296703297,0.16043956043956045,0.18021978021978022,0.2681318681318681
0.02,169,71,1,214,0.7041666666666667,0.9941176470588236,0.8243902439024391,0.5274725274725275,527.4725274725275,0.15824175824175823,0.17802197802197803,0.26593406593406593
0.021,169,67,1,218,0.7161016949152542,0.9941176470588236,0.8325123152709359,0.5186813186813187,518.6813186813188,0.14945054945054945,0.16923076923076924,0.2571428571428571
0.022000000000000002,169,65,1,220,0.7222222222222222,0.9941176470588236,0.8366336633663366,0.5142857142857142,514.2857142857142,0.14505494505494507,0.16483516483516483,0.25274725274725274
0.023,169,62,1,223,0.7316017316017316,0.9941176470588236,0.8428927680798004,0.5076923076923077,507.6923076923077,0.13846153846153847,0.15824175824175823,0.24615384615384617
0.024,169,60,1,225,0.7379912663755459,0.9941176470588236,0.8471177944862156,0.5032967032967033,503.2967032967033,0.13406593406593406,0.15384615384615385,0.24175824175824176
0.025,169,59,1,226,0.7412280701754386,0.9941176470588236,0.8492462311557789,0.5010989010989011,501.0989010989011,0.13186813186813187,0.15164835164835164,0.23956043956043957
0.026000000000000002,169,58,1,227,0.7444933920704846,0.9941176470588236,0.8513853904282116,0.4989010989010989,498.9010989010989,0.12967032967032968,0.14945054945054945,0.23736263736263735
0.027000000000000003,169,58,1,227,0.7444933920704846,0.9941176470588236,0.8513853904282116,0.4989010989010989,498.9010989010989,0.12967032967032968,0.14945054945054945,0.23736263736263735
0.028,169,57,1,228,0.7477876106194691,0.9941176470588236,0.8535353535353537,0.4967032967032967,496.7032967032967,0.12747252747252746,0.14725274725274726,0.23516483516483516
0.029,169,55,1,230,0.7544642857142857,0.9941176470588236,0.8578680203045687,0.49230769230769234,492.3076923076923,0.12307692307692308,0.14285714285714285,0.23076923076923078
0.030000000000000002,169,54,1,231,0.757847533632287,0.9941176470588236,0.8600508905852418,0.4901098901098901,490.1098901098901,0.12087912087912088,0.14065934065934066,0.22857142857142856
0.031,169,52,1,233,0.7647058823529411,0.9941176470588236,0.8644501278772379,0.4857142857142857,485.7142857142857,0.11648351648351649,0.13626373626373625,0.22417582417582418
0.032,169,50,1,235,0.771689497716895,0.9941176470588236,0.8688946015424165,0.48131868131868133,481.31868131868134,0.11208791208791209,0.13186813186813187,0.21978021978021978
0.033,169,49,1,236,0.7752293577981652,0.9941176470588236,0.8711340206185566,0.47912087912087914,479.1208791208791,0.10989010989010989,0.12967032967032968,0.2175824175824176
0.034,169,49,1,236,0.7752293577981652,0.9941176470588236,0.8711340206185566,0.47912087912087914,479.1208791208791,0.10989010989010989,0.12967032967032968,0.2175824175824176
0.035,169,47,1,238,0.7824074074074074,0.9941176470588236,0.8756476683937825,0.4747252747252747,474.7252747252747,0.1054945054945055,0.12527472527472527,0.21318681318681318
0.036000000000000004,169,46,1,239,0.786046511627907,0.9941176470588236,0.877922077922078,0.4725274725274725,472.5274725274725,0.10329670329670329,0.12307692307692308,0.210989010989011
0.037000000000000005,169,45,1,240,0.7897196261682243,0.9941176470588236,0.8802083333333335,0.4703296703296703,470.3296703296703,0.1010989010989011,0.12087912087912088,0.2087912087912088
0.038,169,44,1,241,0.7934272300469484,0.9941176470588236,0.8825065274151436,0.46813186813186813,468.13186813186815,0.0989010989010989,0.11868131868131868,0.20659340659340658
0.039,169,43,1,242,0.7971698113207547,0.9941176470588236,0.8848167539267016,0.46593406593406594,465.9340659340659,0.0967032967032967,0.11648351648351649,0.2043956043956044
0.04,169,42,1,243,0.8009478672985783,0.9941176470588236,0.8871391076115486,0.46373626373626375,463.73626373626377,0.0945054945054945,0.11428571428571428,0.2021978021978022
0.041,169,42,1,243,0.8009478672985783,0.9941176470588236,0.8871391076115486,0.46373626373626375,463.73626373626377,0.0945054945054945,0.11428571428571428,0.2021978021978022
0.042,169,41,1,244,0.8047619047619048,0.9941176470588236,0.8894736842105264,0.46153846153846156,461.53846153846155,0.09230769230769231,0.11208791208791209,0.2
0.043000000000000003,169,41,1,244,0.8047619047619048,0.9941176470588236,0.8894736842105264,0.46153846153846156,461.53846153846155,0.09230769230769231,0.11208791208791209,0.2
0.044000000000000004,169,40,1,245,0.8086124401913876,0.9941176470588236,0.8918205804749341,0.4593406593406593,459.34065934065933,0.09010989010989011,0.10989010989010989,0.1978021978021978
0.045,169,39,1,246,0.8125,0.9941176470588236,0.8941798941798942,0.45714285714285713,457.1428571428571,0.08791208791208792,0.1076923076923077,0.1956043956043956
0.046,169,39,1,246,0.8125,0.9941176470588236,0.8941798941798942,0.45714285714285713,457.1428571428571,0.08791208791208792,0.1076923076923077,0.1956043956043956
0.047,169,38,1,247,0.8164251207729468,0.9941176470588236,0.8965517241379309,0.45494505494505494,454.94505494505495,0.08571428571428572,0.1054945054945055,0.1934065934065934
0.048,169,37,1,248,0.8203883495145631,0.9941176470588236,0.898936170212766,0.45274725274725275,452.74725274725273,0.08351648351648351,0.10329670329670329,0.1912087912087912
0.049,169,37,1,248,0.8203883495145631,0.9941176470588236,0.898936170212766,0.45274725274725275,452.74725274725273,0.08351648351648351,0.10329670329670329,0.1912087912087912
0.05,169,37,1,248,0.8203883495145631,0.9941176470588236,0.898936170212766,0.45274725274725275,452.74725274725273,0.08351648351648351,0.10329670329670329,0.1912087912087912
0.051000000000000004,169,37,1,248,0.8203883495145631,0.9941176470588236,0.898936170212766,0.45274725274725275,452.74725274725273,0.08351648351648351,0.10329670329670329,0.1912087912087912
0.052000000000000005,169,37,1,248,0.8203883495145631,0.9941176470588236,0.898936170212766,0.45274725274725275,452.74725274725273,0.08351648351648351,0.10329670329670329,0.1912087912087912
0.053000000000000005,169,37,1,248,0.8203883495145631,0.9941176470588236,0.898936170212766,0.45274725274725275,452.74725274725273,0.08351648351648351,0.10329670329670329,0.1912087912087912
0.054,169,37,1,248,0.8203883495145631,0.9941176470588236,0.898936170212766,0.45274725274725275,452.74725274725273,0.08351648351648351,0.10329670329670329,0.1912087912087912
0.055,169,37,1,248,0.8203883495145631,0.9941176470588236,0.898936170212766,0.45274725274725275,452.74725274725273,0.08351648351648351,0.10329670329670329,0.1912087912087912
0.056,169,37,1,248,0.8203883495145631,0.9941176470588236,0.898936170212766,0.45274725274725275,452.74725274725273,0.08351648351648351,0.10329670329670329,0.1912087912087912
0.057,169,37,1,248,0.8203883495145631,0.9941176470588236,0.898936170212766,0.45274725274725275,452.74725274725273,0.08351648351648351,0.10329670329670329,0.1912087912087912
0.058,169,36,1,249,0.824390243902439,0.9941176470588236,0.9013333333333333,0.45054945054945056,450.54945054945057,0.08131868131868132,0.1010989010989011,0.189010989010989
0.059000000000000004,169,36,1,249,0.824390243902439,0.9941176470588236,0.9013333333333333,0.45054945054945056,450.54945054945057,0.08131868131868132,0.1010989010989011,0.189010989010989
0.060000000000000005,169,36,1,249,0.824390243902439,0.9941176470588236,0.9013333333333333,0.45054945054945056,450.54945054945057,0.08131868131868132,0.1010989010989011,0.189010989010989
0.061,169,36,1,249,0.824390243902439,0.9941176470588236,0.9013333333333333,0.45054945054945056,450.54945054945057,0.08131868131868132,0.1010989010989011,0.189010989010989
0.062,169,35,1,250,0.8284313725490197,0.9941176470588236,0.9037433155080213,0.44835164835164837,448.35164835164835,0.07912087912087912,0.0989010989010989,0.18681318681318682
0.063,169,35,1,250,0.8284313725490197,0.9941176470588236,0.9037433155080213,0.44835164835164837,448.35164835164835,0.07912087912087912,0.0989010989010989,0.18681318681318682
0.064,169,35,1,250,0.8284313725490197,0.9941176470588236,0.9037433155080213,0.44835164835164837,448.35164835164835,0.07912087912087912,0.0989010989010989,0.18681318681318682
0.065,169,35,1,250,0.8284313725490197,0.9941176470588236,0.9037433155080213,0.44835164835164837,448.35164835164835,0.07912087912087912,0.0989010989010989,0.18681318681318682
0.066,169,35,1,250,0.8284313725490197,0.9941176470588236,0.9037433155080213,0.44835164835164837,448.35164835164835,0.07912087912087912,0.0989010989010989,0.18681318681318682
0.067,169,35,1,250,0.8284313725490197,0.9941176470588236,0.9037433155080213,0.44835164835164837,448.35164835164835,0.07912087912087912,0.0989010989010989,0.18681318681318682
0.068,169,35,1,250,0.8284313725490197,0.9941176470588236,0.9037433155080213,0.44835164835164837,448.35164835164835,0.07912087912087912,0.0989010989010989,0.18681318681318682
0.069,169,35,1,250,0.8284313725490197,0.9941176470588236,0.9037433155080213,0.44835164835164837,448.35164835164835,0.07912087912087912,0.0989010989010989,0.18681318681318682
0.07,169,35,1,250,0.8284313725490197,0.9941176470588236,0.9037433155080213,0.44835164835164837,448.35164835164835,0.07912087912087912,0.0989010989010989,0.18681318681318682
0.07100000000000001,169,35,1,250,0.8284313725490197,0.9941176470588236,0.9037433155080213,0.44835164835164837,448.35164835164835,0.07912087912087912,0.0989010989010989,0.18681318681318682
0.07200000000000001,169,35,1,250,0.8284313725490197,0.9941176470588236,0.9037433155080213,0.44835164835164837,448.35164835164835,0.07912087912087912,0.0989010989010989,0.18681318681318682
0.07300000000000001,169,35,1,250,0.8284313725490197,0.9941176470588236,0.9037433155080213,0.44835164835164837,448.35164835164835,0.07912087912087912,0.0989010989010989,0.18681318681318682
0.074,169,35,1,250,0.8284313725490197,0.9941176470588236,0.9037433155080213,0.44835164835164837,448.35164835164835,0.07912087912087912,0.0989010989010989,0.18681318681318682
0.075,169,34,1,251,0.8325123152709359,0.9941176470588236,0.906166219839142,0.4461538461538462,446.1538461538462,0.07692307692307693,0.0967032967032967,0.18461538461538463
0.076,169,33,1,252,0.8366336633663366,0.9941176470588236,0.9086021505376345,0.44395604395604393,443.9560439560439,0.07472527472527472,0.0945054945054945,0.1824175824175824
0.077,169,33,1,252,0.8366336633663366,0.9941176470588236,0.9086021505376345,0.44395604395604393,443.9560439560439,0.07472527472527472,0.0945054945054945,0.1824175824175824
0.078,169,33,1,252,0.8366336633663366,0.9941176470588236,0.9086021505376345,0.44395604395604393,443.9560439560439,0.07472527472527472,0.0945054945054945,0.1824175824175824
0.079,169,31,1,254,0.845,0.9941176470588236,0.9135135135135135,0.43956043956043955,439.56043956043953,0.07032967032967033,0.09010989010989011,0.17802197802197803
0.08,169,31,1,254,0.845,0.9941176470588236,0.9135135135135135,0.43956043956043955,439.56043956043953,0.07032967032967033,0.09010989010989011,0.17802197802197803
0.081,169,29,1,256,0.8535353535353535,0.9941176470588236,0.9184782608695652,0.4351648351648352,435.16483516483515,0.06593406593406594,0.08571428571428572,0.17362637362637362
0.082,169,29,1,256,0.8535353535353535,0.9941176470588236,0.9184782608695652,0.4351648351648352,435.16483516483515,0.06593406593406594,0.08571428571428572,0.17362637362637362
0.083,169,28,1,257,0.8578680203045685,0.9941176470588236,0.9209809264305178,0.432967032967033,432.967032967033,0.06373626373626373,0.08351648351648351,0.17142857142857143
0.084,169,28,1,257,0.8578680203045685,0.9941176470588236,0.9209809264305178,0.432967032967033,432.967032967033,0.06373626373626373,0.08351648351648351,0.17142857142857143
0.085,169,28,1,257,0.8578680203045685,0.9941176470588236,0.9209809264305178,0.432967032967033,432.967032967033,0.06373626373626373,0.08351648351648351,0.17142857142857143
0.08600000000000001,169,28,1,257,0.8578680203045685,0.9941176470588236,0.9209809264305178,0.432967032967033,432.967032967033,0.06373626373626373,0.08351648351648351,0.17142857142857143
0.08700000000000001,169,27,1,258,0.8622448979591837,0.9941176470588236,0.9234972677595629,0.4307692307692308,430.7692307692308,0.06153846153846154,0.08131868131868132,0.16923076923076924
0.08800000000000001,169,26,1,259,0.8666666666666667,0.9941176470588236,0.9260273972602739,0.42857142857142855,428.57142857142856,0.05934065934065934,0.07912087912087912,0.16703296703296702
0.089,169,26,1,259,0.8666666666666667,0.9941176470588236,0.9260273972602739,0.42857142857142855,428.57142857142856,0.05934065934065934,0.07912087912087912,0.16703296703296702
0.09,169,26,1,259,0.8666666666666667,0.9941176470588236,0.9260273972602739,0.42857142857142855,428.57142857142856,0.05934065934065934,0.07912087912087912,0.16703296703296702
0.091,169,26,1,259,0.8666666666666667,0.9941176470588236,0.9260273972602739,0.42857142857142855,428.57142857142856,0.05934065934065934,0.07912087912087912,0.16703296703296702
0.092,168,26,2,259,0.865979381443299,0.9882352941176471,0.9230769230769231,0.42637362637362636,426.37362637362634,0.06153846153846154,0.1010989010989011,0.27692307692307694
0.093,168,26,2,259,0.865979381443299,0.9882352941176471,0.9230769230769231,0.42637362637362636,426.37362637362634,0.06153846153846154,0.1010989010989011,0.27692307692307694
0.094,168,26,2,259,0.865979381443299,0.9882352941176471,0.9230769230769231,0.42637362637362636,426.37362637362634,0.06153846153846154,0.1010989010989011,0.27692307692307694
0.095,168,26,2,259,0.865979381443299,0.9882352941176471,0.9230769230769231,0.42637362637362636,426.37362637362634,0.06153846153846154,0.1010989010989011,0.27692307692307694
0.096,168,26,2,259,0.865979381443299,0.9882352941176471,0.9230769230769231,0.42637362637362636,426.37362637362634,0.06153846153846154,0.1010989010989011,0.27692307692307694
0.097,168,26,2,259,0.865979381443299,0.9882352941176471,0.9230769230769231,0.42637362637362636,426.37362637362634,0.06153846153846154,0.1010989010989011,0.27692307692307694
0.098,168,26,2,259,0.865979381443299,0.9882352941176471,0.9230769230769231,0.42637362637362636,426.37362637362634,0.06153846153846154,0.1010989010989011,0.27692307692307694
0.099,168,26,2,259,0.865979381443299,0.9882352941176471,0.9230769230769231,0.42637362637362636,426.37362637362634,0.06153846153846154,0.1010989010989011,0.27692307692307694
0.1,168,26,2,259,0.865979381443299,0.9882352941176471,0.9230769230769231,0.42637362637362636,426.37362637362634,0.06153846153846154,0.1010989010989011,0.27692307692307694
0.101,168,25,2,260,0.8704663212435233,0.9882352941176471,0.9256198347107437,0.42417582417582417,424.1758241758242,0.05934065934065934,0.0989010989010989,0.27472527472527475
0.10200000000000001,168,25,2,260,0.8704663212435233,0.9882352941176471,0.9256198347107437,0.42417582417582417,424.1758241758242,0.05934065934065934,0.0989010989010989,0.27472527472527475
0.10300000000000001,168,25,2,260,0.8704663212435233,0.9882352941176471,0.9256198347107437,0.42417582417582417,424.1758241758242,0.05934065934065934,0.0989010989010989,0.27472527472527475
0.10400000000000001,168,25,2,260,0.8704663212435233,0.9882352941176471,0.9256198347107437,0.42417582417582417,424.1758241758242,0.05934065934065934,0.0989010989010989,0.27472527472527475
0.10500000000000001,168,25,2,260,0.8704663212435233,0.9882352941176471,0.9256198347107437,0.42417582417582417,424.1758241758242,0.05934065934065934,0.0989010989010989,0.27472527472527475
0.106,168,25,2,260,0.8704663212435233,0.9882352941176471,0.9256198347107437,0.42417582417582417,424.1758241758242,0.05934065934065934,0.0989010989010989,0.27472527472527475
0.107,168,25,2,260,0.8704663212435233,0.9882352941176471,0.9256198347107437,0.42417582417582417,424.1758241758242,0.05934065934065934,0.0989010989010989,0.27472527472527475
0.108,168,25,2,260,0.8704663212435233,0.9882352941176471,0.9256198347107437,0.42417582417582417,424.1758241758242,0.05934065934065934,0.0989010989010989,0.27472527472527475
0.109,168,25,2,260,0.8704663212435233,0.9882352941176471,0.9256198347107437,0.42417582417582417,424.1758241758242,0.05934065934065934,0.0989010989010989,0.27472527472527475
0.11,168,25,2,260,0.8704663212435233,0.9882352941176471,0.9256198347107437,0.42417582417582417,424.1758241758242,0.05934065934065934,0.0989010989010989,0.27472527472527475
0.111,168,25,2,260,0.8704663212435233,0.9882352941176471,0.9256198347107437,0.42417582417582417,424.1758241758242,0.05934065934065934,0.0989010989010989,0.27472527472527475
0.112,168,25,2,260,0.8704663212435233,0.9882352941176471,0.9256198347107437,0.42417582417582417,424.1758241758242,0.05934065934065934,0.0989010989010989,0.27472527472527475
0.113,168,25,2,260,0.8704663212435233,0.9882352941176471,0.9256198347107437,0.42417582417582417,424.1758241758242,0.05934065934065934,0.0989010989010989,0.27472527472527475
0.114,168,25,2,260,0.8704663212435233,0.9882352941176471,0.9256198347107437,0.42417582417582417,424.1758241758242,0.05934065934065934,0.0989010989010989,0.27472527472527475
0.115,168,25,2,260,0.8704663212435233,0.9882352941176471,0.9256198347107437,0.42417582417582417,424.1758241758242,0.05934065934065934,0.0989010989010989,0.27472527472527475
0.116,168,25,2,260,0.8704663212435233,0.9882352941176471,0.9256198347107437,0.42417582417582417,424.1758241758242,0.05934065934065934,0.0989010989010989,0.27472527472527475
0.117,168,25,2,260,0.8704663212435233,0.9882352941176471,0.9256198347107437,0.42417582417582417,424.1758241758242,0.05934065934065934,0.0989010989010989,0.27472527472527475
0.11800000000000001,168,25,2,260,0.8704663212435233,0.9882352941176471,0.9256198347107437,0.42417582417582417,424.1758241758242,0.05934065934065934,0.0989010989010989,0.27472527472527475
0.11900000000000001,168,25,2,260,0.8704663212435233,0.9882352941176471,0.9256198347107437,0.42417582417582417,424.1758241758242,0.05934065934065934,0.0989010989010989,0.27472527472527475
0.12000000000000001,168,25,2,260,0.8704663212435233,0.9882352941176471,0.9256198347107437,0.42417582417582417,424.1758241758242,0.05934065934065934,0.0989010989010989,0.27472527472527475
0.121,168,25,2,260,0.8704663212435233,0.9882352941176471,0.9256198347107437,0.42417582417582417,424.1758241758242,0.05934065934065934,0.0989010989010989,0.27472527472527475
0.122,168,25,2,260,0.8704663212435233,0.9882352941176471,0.9256198347107437,0.42417582417582417,424.1758241758242,0.05934065934065934,0.0989010989010989,0.27472527472527475
0.123,168,25,2,260,0.8704663212435233,0.9882352941176471,0.9256198347107437,0.42417582417582417,424.1758241758242,0.05934065934065934,0.0989010989010989,0.27472527472527475
0.124,168,25,2,260,0.8704663212435233,0.9882352941176471,0.9256198347107437,0.42417582417582417,424.1758241758242,0.05934065934065934,0.0989010989010989,0.27472527472527475
0.125,168,25,2,260,0.8704663212435233,0.9882352941176471,0.9256198347107437,0.42417582417582417,424.1758241758242,0.05934065934065934,0.0989010989010989,0.27472527472527475
0.126,168,25,2,260,0.8704663212435233,0.9882352941176471,0.9256198347107437,0.42417582417582417,424.1758241758242,0.05934065934065934,0.0989010989010989,0.27472527472527475
0.127,168,25,2,260,0.8704663212435233,0.9882352941176471,0.9256198347107437,0.42417582417582417,424.1758241758242,0.05934065934065934,0.0989010989010989,0.27472527472527475
0.128,168,25,2,260,0.8704663212435233,0.9882352941176471,0.9256198347107437,0.42417582417582417,424.1758241758242,0.05934065934065934,0.0989010989010989,0.27472527472527475
0.129,168,25,2,260,0.8704663212435233,0.9882352941176471,0.9256198347107437,0.42417582417582417,424.1758241758242,0.05934065934065934,0.0989010989010989,0.27472527472527475
0.13,168,25,2,260,0.8704663212435233,0.9882352941176471,0.9256198347107437,0.42417582417582417,424.1758241758242,0.05934065934065934,0.0989010989010989,0.27472527472527475
0.131,168,25,2,260,0.8704663212435233,0.9882352941176471,0.9256198347107437,0.42417582417582417,424.1758241758242,0.05934065934065934,0.0989010989010989,0.27472527472527475
0.132,168,25,2,260,0.8704663212435233,0.9882352941176471,0.9256198347107437,0.42417582417582417,424.1758241758242,0.05934065934065934,0.0989010989010989,0.27472527472527475
0.133,168,24,2,261,0.875,0.9882352941176471,0.9281767955801106,0.421978021978022,421.97802197802196,0.05714285714285714,0.0967032967032967,0.2725274725274725
0.134,168,23,2,262,0.8795811518324608,0.9882352941176471,0.9307479224376732,0.4197802197802198,419.7802197802198,0.054945054945054944,0.0945054945054945,0.2703296703296703
0.135,168,23,2,262,0.8795811518324608,0.9882352941176471,0.9307479224376732,0.4197802197802198,419.7802197802198,0.054945054945054944,0.0945054945054945,0.2703296703296703
0.136,168,23,2,262,0.8795811518324608,0.9882352941176471,0.9307479224376732,0.4197802197802198,419.7802197802198,0.054945054945054944,0.0945054945054945,0.2703296703296703
0.137,168,23,2,262,0.8795811518324608,0.9882352941176471,0.9307479224376732,0.4197802197802198,419.7802197802198,0.054945054945054944,0.0945054945054945,0.2703296703296703
0.138,168,23,2,262,0.8795811518324608,0.9882352941176471,0.9307479224376732,0.4197802197802198,419.7802197802198,0.054945054945054944,0.0945054945054945,0.2703296703296703
0.139,168,22,2,263,0.8842105263157894,0.9882352941176471,0.9333333333333333,0.4175824175824176,417.5824175824176,0.05274725274725275,0.09230769230769231,0.2681318681318681
0.14,168,22,2,263,0.8842105263157894,0.9882352941176471,0.9333333333333333,0.4175824175824176,417.5824175824176,0.05274725274725275,0.09230769230769231,0.2681318681318681
0.14100000000000001,168,22,2,263,0.8842105263157894,0.9882352941176471,0.9333333333333333,0.4175824175824176,417.5824175824176,0.05274725274725275,0.09230769230769231,0.2681318681318681
0.14200000000000002,168,22,2,263,0.8842105263157894,0.9882352941176471,0.9333333333333333,0.4175824175824176,417.5824175824176,0.05274725274725275,0.09230769230769231,0.2681318681318681
0.14300000000000002,168,22,2,263,0.8842105263157894,0.9882352941176471,0.9333333333333333,0.4175824175824176,417.5824175824176,0.05274725274725275,0.09230769230769231,0.2681318681318681
0.14400000000000002,168,22,2,263,0.8842105263157894,0.9882352941176471,0.9333333333333333,0.4175824175824176,417.5824175824176,0.05274725274725275,0.09230769230769231,0.2681318681318681
0.14500000000000002,168,22,2,263,0.8842105263157894,0.9882352941176471,0.9333333333333333,0.4175824175824176,417.5824175824176,0.05274725274725275,0.09230769230769231,0.2681318681318681
0.146,168,22,2,263,0.8842105263157894,0.9882352941176471,0.9333333333333333,0.4175824175824176,417.5824175824176,0.05274725274725275,0.09230769230769231,0.2681318681318681
0.147,168,22,2,263,0.8842105263157894,0.9882352941176471,0.9333333333333333,0.4175824175824176,417.5824175824176,0.05274725274725275,0.09230769230769231,0.2681318681318681
0.148,168,22,2,263,0.8842105263157894,0.9882352941176471,0.9333333333333333,0.4175824175824176,417.5824175824176,0.05274725274725275,0.09230769230769231,0.2681318681318681
0.149,168,22,2,263,0.8842105263157894,0.9882352941176471,0.9333333333333333,0.4175824175824176,417.5824175824176,0.05274725274725275,0.09230769230769231,0.2681318681318681
0.15,168,22,2,263,0.8842105263157894,0.9882352941176471,0.9333333333333333,0.4175824175824176,417.5824175824176,0.05274725274725275,0.09230769230769231,0.2681318681318681
0.151,168,22,2,263,0.8842105263157894,0.9882352941176471,0.9333333333333333,0.4175824175824176,417.5824175824176,0.05274725274725275,0.09230769230769231,0.2681318681318681
0.152,168,22,2,263,0.8842105263157894,0.9882352941176471,0.9333333333333333,0.4175824175824176,417.5824175824176,0.05274725274725275,0.09230769230769231,0.2681318681318681
0.153,168,22,2,263,0.8842105263157894,0.9882352941176471,0.9333333333333333,0.4175824175824176,417.5824175824176,0.05274725274725275,0.09230769230769231,0.2681318681318681
0.154,168,22,2,263,0.8842105263157894,0.9882352941176471,0.9333333333333333,0.4175824175824176,417.5824175824176,0.05274725274725275,0.09230769230769231,0.2681318681318681
0.155,168,22,2,263,0.8842105263157894,0.9882352941176471,0.9333333333333333,0.4175824175824176,417.5824175824176,0.05274725274725275,0.09230769230769231,0.2681318681318681
0.156,168,21,2,264,0.8888888888888888,0.9882352941176471,0.935933147632312,0.4153846153846154,415.3846153846154,0.05054945054945055,0.09010989010989011,0.26593406593406593
0.157,168,20,2,265,0.8936170212765957,0.9882352941176471,0.9385474860335196,0.41318681318681316,413.18681318681314,0.04835164835164835,0.08791208791208792,0.26373626373626374
0.158,168,20,2,265,0.8936170212765957,0.9882352941176471,0.9385474860335196,0.41318681318681316,413.18681318681314,0.04835164835164835,0.08791208791208792,0.26373626373626374
0.159,168,20,2,265,0.8936170212765957,0.9882352941176471,0.9385474860335196,0.41318681318681316,413.18681318681314,0.04835164835164835,0.08791208791208792,0.26373626373626374
0.16,168,20,2,265,0.8936170212765957,0.9882352941176471,0.9385474860335196,0.41318681318681316,413.18681318681314,0.04835164835164835,0.08791208791208792,0.26373626373626374
0.161,168,20,2,265,0.8936170212765957,0.9882352941176471,0.9385474860335196,0.41318681318681316,413.18681318681314,0.04835164835164835,0.08791208791208792,0.26373626373626374
0.162,168,20,2,265,0.8936170212765957,0.9882352941176471,0.9385474860335196,0.41318681318681316,413.18681318681314,0.04835164835164835,0.08791208791208792,0.26373626373626374
0.163,168,20,2,265,0.8936170212765957,0.9882352941176471,0.9385474860335196,0.41318681318681316,413.18681318681314,0.04835164835164835,0.08791208791208792,0.26373626373626374
0.164,168,19,2,266,0.8983957219251337,0.9882352941176471,0.9411764705882353,0.41098901098901097,410.989010989011,0.046153846153846156,0.08571428571428572,0.26153846153846155
0.165,168,19,2,266,0.8983957219251337,0.9882352941176471,0.9411764705882353,0.41098901098901097,410.989010989011,0.046153846153846156,0.08571428571428572,0.26153846153846155
0.166,168,19,2,266,0.8983957219251337,0.9882352941176471,0.9411764705882353,0.41098901098901097,410.989010989011,0.046153846153846156,0.08571428571428572,0.26153846153846155
0.167,168,18,2,267,0.9032258064516129,0.9882352941176471,0.943820224719101,0.4087912087912088,408.79120879120876,0.04395604395604396,0.08351648351648351,0.25934065934065936
0.168,168,18,2,267,0.9032258064516129,0.9882352941176471,0.943820224719101,0.4087912087912088,408.79120879120876,0.04395604395604396,0.08351648351648351,0.25934065934065936
0.169,168,18,2,267,0.9032258064516129,0.9882352941176471,0.943820224719101,0.4087912087912088,408.79120879120876,0.04395604395604396,0.08351648351648351,0.25934065934065936
0.17,167,18,3,267,0.9027027027027027,0.9823529411764705,0.9408450704225352,0.4065934065934066,406.5934065934066,0.046153846153846156,0.1054945054945055,0.36923076923076925
0.171,167,18,3,267,0.9027027027027027,0.9823529411764705,0.9408450704225352,0.4065934065934066,406.5934065934066,0.046153846153846156,0.1054945054945055,0.36923076923076925
0.17200000000000001,167,18,3,267,0.9027027027027027,0.9823529411764705,0.9408450704225352,0.4065934065934066,406.5934065934066,0.046153846153846156,0.1054945054945055,0.36923076923076925
0.17300000000000001,167,18,3,267,0.9027027027027027,0.9823529411764705,0.9408450704225352,0.4065934065934066,406.5934065934066,0.046153846153846156,0.1054945054945055,0.36923076923076925
0.17400000000000002,167,17,3,268,0.907608695652174,0.9823529411764705,0.943502824858757,0.4043956043956044,404.3956043956044,0.04395604395604396,0.10329670329670329,0.367032967032967
0.17500000000000002,167,17,3,268,0.907608695652174,0.9823529411764705,0.943502824858757,0.4043956043956044,404.3956043956044,0.04395604395604396,0.10329670329670329,0.367032967032967
0.17600000000000002,167,17,3,268,0.907608695652174,0.9823529411764705,0.943502824858757,0.4043956043956044,404.3956043956044,0.04395604395604396,0.10329670329670329,0.367032967032967
0.177,167,17,3,268,0.907608695652174,0.9823529411764705,0.943502824858757,0.4043956043956044,404.3956043956044,0.04395604395604396,0.10329670329670329,0.367032967032967
0.178,167,17,3,268,0.907608695652174,0.9823529411764705,0.943502824858757,0.4043956043956044,404.3956043956044,0.04395604395604396,0.10329670329670329,0.367032967032967
0.179,167,17,3,268,0.907608695652174,0.9823529411764705,0.943502824858757,0.4043956043956044,404.3956043956044,0.04395604395604396,0.10329670329670329,0.367032967032967
0.18,167,17,3,268,0.907608695652174,0.9823529411764705,0.943502824858757,0.4043956043956044,404.3956043956044,0.04395604395604396,0.10329670329670329,0.367032967032967
0.181,167,16,3,269,0.912568306010929,0.9823529411764705,0.9461756373937678,0.4021978021978022,402.1978021978022,0.041758241758241756,0.1010989010989011,0.3648351648351648
0.182,167,16,3,269,0.912568306010929,0.9823529411764705,0.9461756373937678,0.4021978021978022,402.1978021978022,0.041758241758241756,0.1010989010989011,0.3648351648351648
0.183,167,16,3,269,0.912568306010929,0.9823529411764705,0.9461756373937678,0.4021978021978022,402.1978021978022,0.041758241758241756,0.1010989010989011,0.3648351648351648
0.184,167,16,3,269,0.912568306010929,0.9823529411764705,0.9461756373937678,0.4021978021978022,402.1978021978022,0.041758241758241756,0.1010989010989011,0.3648351648351648
0.185,167,16,3,269,0.912568306010929,0.9823529411764705,0.9461756373937678,0.4021978021978022,402.1978021978022,0.041758241758241756,0.1010989010989011,0.3648351648351648
0.186,167,16,3,269,0.912568306010929,0.9823529411764705,0.9461756373937678,0.4021978021978022,402.1978021978022,0.041758241758241756,0.1010989010989011,0.3648351648351648
0.187,167,16,3,269,0.912568306010929,0.9823529411764705,0.9461756373937678,0.4021978021978022,402.1978021978022,0.041758241758241756,0.1010989010989011,0.3648351648351648
0.188,167,16,3,269,0.912568306010929,0.9823529411764705,0.9461756373937678,0.4021978021978022,402.1978021978022,0.041758241758241756,0.1010989010989011,0.3648351648351648
0.189,167,16,3,269,0.912568306010929,0.9823529411764705,0.9461756373937678,0.4021978021978022,402.1978021978022,0.041758241758241756,0.1010989010989011,0.3648351648351648
0.19,167,16,3,269,0.912568306010929,0.9823529411764705,0.9461756373937678,0.4021978021978022,402.1978021978022,0.041758241758241756,0.1010989010989011,0.3648351648351648
0.191,167,16,3,269,0.912568306010929,0.9823529411764705,0.9461756373937678,0.4021978021978022,402.1978021978022,0.041758241758241756,0.1010989010989011,0.3648351648351648
0.192,167,16,3,269,0.912568306010929,0.9823529411764705,0.9461756373937678,0.4021978021978022,402.1978021978022,0.041758241758241756,0.1010989010989011,0.3648351648351648
0.193,167,16,3,269,0.912568306010929,0.9823529411764705,0.9461756373937678,0.4021978021978022,402.1978021978022,0.041758241758241756,0.1010989010989011,0.3648351648351648
0.194,167,16,3,269,0.912568306010929,0.9823529411764705,0.9461756373937678,0.4021978021978022,402.1978021978022,0.041758241758241756,0.1010989010989011,0.3648351648351648
0.195,167,16,3,269,0.912568306010929,0.9823529411764705,0.9461756373937678,0.4021978021978022,402.1978021978022,0.041758241758241756,0.1010989010989011,0.3648351648351648
0.196,167,16,3,269,0.912568306010929,0.9823529411764705,0.9461756373937678,0.4021978021978022,402.1978021978022,0.041758241758241756,0.1010989010989011,0.3648351648351648
0.197,167,16,3,269,0.912568306010929,0.9823529411764705,0.9461756373937678,0.4021978021978022,402.1978021978022,0.041758241758241756,0.1010989010989011,0.3648351648351648
0.198,167,16,3,269,0.912568306010929,0.9823529411764705,0.9461756373937678,0.4021978021978022,402.1978021978022,0.041758241758241756,0.1010989010989011,0.3648351648351648
0.199,167,15,3,270,0.9175824175824175,0.9823529411764705,0.9488636363636364,0.4,400.0,0.03956043956043956,0.0989010989010989,0.3626373626373626
0.2,167,14,3,271,0.9226519337016574,0.9823529411764705,0.9515669515669515,0.3978021978021978,397.8021978021978,0.03736263736263736,0.0967032967032967,0.36043956043956044
0.201,167,14,3,271,0.9226519337016574,0.9823529411764705,0.9515669515669515,0.3978021978021978,397.8021978021978,0.03736263736263736,0.0967032967032967,0.36043956043956044
0.202,167,14,3,271,0.9226519337016574,0.9823529411764705,0.9515669515669515,0.3978021978021978,397.8021978021978,0.03736263736263736,0.0967032967032967,0.36043956043956044
0.203,167,14,3,271,0.9226519337016574,0.9823529411764705,0.9515669515669515,0.3978021978021978,397.8021978021978,0.03736263736263736,0.0967032967032967,0.36043956043956044
0.20400000000000001,167,14,3,271,0.9226519337016574,0.9823529411764705,0.9515669515669515,0.3978021978021978,397.8021978021978,0.03736263736263736,0.0967032967032967,0.36043956043956044
0.20500000000000002,167,14,3,271,0.9226519337016574,0.9823529411764705,0.9515669515669515,0.3978021978021978,397.8021978021978,0.03736263736263736,0.0967032967032967,0.36043956043956044
0.20600000000000002,167,14,3,271,0.9226519337016574,0.9823529411764705,0.9515669515669515,0.3978021978021978,397.8021978021978,0.03736263736263736,0.0967032967032967,0.36043956043956044
0.20700000000000002,167,14,3,271,0.9226519337016574,0.9823529411764705,0.9515669515669515,0.3978021978021978,397.8021978021978,0.03736263736263736,0.0967032967032967,0.36043956043956044
0.20800000000000002,167,14,3,271,0.9226519337016574,0.9823529411764705,0.9515669515669515,0.3978021978021978,397.8021978021978,0.03736263736263736,0.0967032967032967,0.36043956043956044
0.20900000000000002,167,14,3,271,0.9226519337016574,0.9823529411764705,0.9515669515669515,0.3978021978021978,397.8021978021978,0.03736263736263736,0.0967032967032967,0.36043956043956044
0.21,167,14,3,271,0.9226519337016574,0.9823529411764705,0.9515669515669515,0.3978021978021978,397.8021978021978,0.03736263736263736,0.0967032967032967,0.36043956043956044
0.211,167,14,3,271,0.9226519337016574,0.9823529411764705,0.9515669515669515,0.3978021978021978,397.8021978021978,0.03736263736263736,0.0967032967032967,0.36043956043956044
0.212,167,14,3,271,0.9226519337016574,0.9823529411764705,0.9515669515669515,0.3978021978021978,397.8021978021978,0.03736263736263736,0.0967032967032967,0.36043956043956044
0.213,167,14,3,271,0.9226519337016574,0.9823529411764705,0.9515669515669515,0.3978021978021978,397.8021978021978,0.03736263736263736,0.0967032967032967,0.36043956043956044
0.214,167,14,3,271,0.9226519337016574,0.9823529411764705,0.9515669515669515,0.3978021978021978,397.8021978021978,0.03736263736263736,0.0967032967032967,0.36043956043956044
0.215,167,14,3,271,0.9226519337016574,0.9823529411764705,0.9515669515669515,0.3978021978021978,397.8021978021978,0.03736263736263736,0.0967032967032967,0.36043956043956044
0.216,167,14,3,271,0.9226519337016574,0.9823529411764705,0.9515669515669515,0.3978021978021978,397.8021978021978,0.03736263736263736,0.0967032967032967,0.36043956043956044
0.217,167,14,3,271,0.9226519337016574,0.9823529411764705,0.9515669515669515,0.3978021978021978,397.8021978021978,0.03736263736263736,0.0967032967032967,0.36043956043956044
0.218,167,14,3,271,0.9226519337016574,0.9823529411764705,0.9515669515669515,0.3978021978021978,397.8021978021978,0.03736263736263736,0.0967032967032967,0.36043956043956044
0.219,167,14,3,271,0.9226519337016574,0.9823529411764705,0.9515669515669515,0.3978021978021978,397.8021978021978,0.03736263736263736,0.0967032967032967,0.36043956043956044
0.22,167,14,3,271,0.9226519337016574,0.9823529411764705,0.9515669515669515,0.3978021978021978,397.8021978021978,0.03736263736263736,0.0967032967032967,0.36043956043956044
0.221,167,14,3,271,0.9226519337016574,0.9823529411764705,0.9515669515669515,0.3978021978021978,397.8021978021978,0.03736263736263736,0.0967032967032967,0.36043956043956044
0.222,167,14,3,271,0.9226519337016574,0.9823529411764705,0.9515669515669515,0.3978021978021978,397.8021978021978,0.03736263736263736,0.0967032967032967,0.36043956043956044
0.223,167,14,3,271,0.9226519337016574,0.9823529411764705,0.9515669515669515,0.3978021978021978,397.8021978021978,0.03736263736263736,0.0967032967032967,0.36043956043956044
0.224,167,14,3,271,0.9226519337016574,0.9823529411764705,0.9515669515669515,0.3978021978021978,397.8021978021978,0.03736263736263736,0.0967032967032967,0.36043956043956044
0.225,167,14,3,271,0.9226519337016574,0.9823529411764705,0.9515669515669515,0.3978021978021978,397.8021978021978,0.03736263736263736,0.0967032967032967,0.36043956043956044
0.226,167,14,3,271,0.9226519337016574,0.9823529411764705,0.9515669515669515,0.3978021978021978,397.8021978021978,0.03736263736263736,0.0967032967032967,0.36043956043956044
0.227,167,14,3,271,0.9226519337016574,0.9823529411764705,0.9515669515669515,0.3978021978021978,397.8021978021978,0.03736263736263736,0.0967032967032967,0.36043956043956044
0.228,167,14,3,271,0.9226519337016574,0.9823529411764705,0.9515669515669515,0.3978021978021978,397.8021978021978,0.03736263736263736,0.0967032967032967,0.36043956043956044
0.229,167,14,3,271,0.9226519337016574,0.9823529411764705,0.9515669515669515,0.3978021978021978,397.8021978021978,0.03736263736263736,0.0967032967032967,0.36043956043956044
0.23,167,14,3,271,0.9226519337016574,0.9823529411764705,0.9515669515669515,0.3978021978021978,397.8021978021978,0.03736263736263736,0.0967032967032967,0.36043956043956044
0.231,167,14,3,271,0.9226519337016574,0.9823529411764705,0.9515669515669515,0.3978021978021978,397.8021978021978,0.03736263736263736,0.0967032967032967,0.36043956043956044
0.232,167,14,3,271,0.9226519337016574,0.9823529411764705,0.9515669515669515,0.3978021978021978,397.8021978021978,0.03736263736263736,0.0967032967032967,0.36043956043956044
0.233,167,14,3,271,0.9226519337016574,0.9823529411764705,0.9515669515669515,0.3978021978021978,397.8021978021978,0.03736263736263736,0.0967032967032967,0.36043956043956044
0.234,167,14,3,271,0.9226519337016574,0.9823529411764705,0.9515669515669515,0.3978021978021978,397.8021978021978,0.03736263736263736,0.0967032967032967,0.36043956043956044
0.23500000000000001,167,14,3,271,0.9226519337016574,0.9823529411764705,0.9515669515669515,0.3978021978021978,397.8021978021978,0.03736263736263736,0.0967032967032967,0.36043956043956044
0.23600000000000002,167,14,3,271,0.9226519337016574,0.9823529411764705,0.9515669515669515,0.3978021978021978,397.8021978021978,0.03736263736263736,0.0967032967032967,0.36043956043956044
0.23700000000000002,167,14,3,271,0.9226519337016574,0.9823529411764705,0.9515669515669515,0.3978021978021978,397.8021978021978,0.03736263736263736,0.0967032967032967,0.36043956043956044
0.23800000000000002,167,14,3,271,0.9226519337016574,0.9823529411764705,0.9515669515669515,0.3978021978021978,397.8021978021978,0.03736263736263736,0.0967032967032967,0.36043956043956044
0.23900000000000002,167,14,3,271,0.9226519337016574,0.9823529411764705,0.9515669515669515,0.3978021978021978,397.8021978021978,0.03736263736263736,0.0967032967032967,0.36043956043956044
0.24000000000000002,167,14,3,271,0.9226519337016574,0.9823529411764705,0.9515669515669515,0.3978021978021978,397.8021978021978,0.03736263736263736,0.0967032967032967,0.36043956043956044
0.241,167,14,3,271,0.9226519337016574,0.9823529411764705,0.9515669515669515,0.3978021978021978,397.8021978021978,0.03736263736263736,0.0967032967032967,0.36043956043956044
0.242,167,14,3,271,0.9226519337016574,0.9823529411764705,0.9515669515669515,0.3978021978021978,397.8021978021978,0.03736263736263736,0.0967032967032967,0.36043956043956044
0.243,167,14,3,271,0.9226519337016574,0.9823529411764705,0.9515669515669515,0.3978021978021978,397.8021978021978,0.03736263736263736,0.0967032967032967,0.36043956043956044
0.244,167,14,3,271,0.9226519337016574,0.9823529411764705,0.9515669515669515,0.3978021978021978,397.8021978021978,0.03736263736263736,0.0967032967032967,0.36043956043956044
0.245,167,14,3,271,0.9226519337016574,0.9823529411764705,0.9515669515669515,0.3978021978021978,397.8021978021978,0.03736263736263736,0.0967032967032967,0.36043956043956044
0.246,167,14,3,271,0.9226519337016574,0.9823529411764705,0.9515669515669515,0.3978021978021978,397.8021978021978,0.03736263736263736,0.0967032967032967,0.36043956043956044
0.247,167,14,3,271,0.9226519337016574,0.9823529411764705,0.9515669515669515,0.3978021978021978,397.8021978021978,0.03736263736263736,0.0967032967032967,0.36043956043956044
0.248,167,14,3,271,0.9226519337016574,0.9823529411764705,0.9515669515669515,0.3978021978021978,397.8021978021978,0.03736263736263736,0.0967032967032967,0.36043956043956044
0.249,167,14,3,271,0.9226519337016574,0.9823529411764705,0.9515669515669515,0.3978021978021978,397.8021978021978,0.03736263736263736,0.0967032967032967,0.36043956043956044
0.25,167,14,3,271,0.9226519337016574,0.9823529411764705,0.9515669515669515,0.3978021978021978,397.8021978021978,0.03736263736263736,0.0967032967032967,0.36043956043956044
0.251,167,13,3,272,0.9277777777777778,0.9823529411764705,0.9542857142857143,0.3956043956043956,395.60439560439556,0.035164835164835165,0.0945054945054945,0.35824175824175825
0.252,167,13,3,272,0.9277777777777778,0.9823529411764705,0.9542857142857143,0.3956043956043956,395.60439560439556,0.035164835164835165,0.0945054945054945,0.35824175824175825
0.253,167,13,3,272,0.9277777777777778,0.9823529411764705,0.9542857142857143,0.3956043956043956,395.60439560439556,0.035164835164835165,0.0945054945054945,0.35824175824175825
0.254,167,13,3,272,0.9277777777777778,0.9823529411764705,0.9542857142857143,0.3956043956043956,395.60439560439556,0.035164835164835165,0.0945054945054945,0.35824175824175825
0.255,167,13,3,272,0.9277777777777778,0.9823529411764705,0.9542857142857143,0.3956043956043956,395.60439560439556,0.035164835164835165,0.0945054945054945,0.35824175824175825
0.256,167,13,3,272,0.9277777777777778,0.9823529411764705,0.9542857142857143,0.3956043956043956,395.60439560439556,0.035164835164835165,0.0945054945054945,0.35824175824175825
0.257,167,12,3,273,0.9329608938547486,0.9823529411764705,0.9570200573065902,0.3934065934065934,393.4065934065934,0.03296703296703297,0.09230769230769231,0.35604395604395606
0.258,167,12,3,273,0.9329608938547486,0.9823529411764705,0.9570200573065902,0.3934065934065934,393.4065934065934,0.03296703296703297,0.09230769230769231,0.35604395604395606
0.259,167,12,3,273,0.9329608938547486,0.9823529411764705,0.9570200573065902,0.3934065934065934,393.4065934065934,0.03296703296703297,0.09230769230769231,0.35604395604395606
0.26,167,12,3,273,0.9329608938547486,0.9823529411764705,0.9570200573065902,0.3934065934065934,393.4065934065934,0.03296703296703297,0.09230769230769231,0.35604395604395606
0.261,167,12,3,273,0.9329608938547486,0.9823529411764705,0.9570200573065902,0.3934065934065934,393.4065934065934,0.03296703296703297,0.09230769230769231,0.35604395604395606
0.262,167,12,3,273,0.9329608938547486,0.9823529411764705,0.9570200573065902,0.3934065934065934,393.4065934065934,0.03296703296703297,0.09230769230769231,0.35604395604395606
0.263,167,12,3,273,0.9329608938547486,0.9823529411764705,0.9570200573065902,0.3934065934065934,393.4065934065934,0.03296703296703297,0.09230769230769231,0.35604395604395606
0.264,167,11,3,274,0.9382022471910112,0.9823529411764705,0.9597701149425286,0.3912087912087912,391.2087912087912,0.03076923076923077,0.09010989010989011,0.35384615384615387
0.265,167,11,3,274,0.9382022471910112,0.9823529411764705,0.9597701149425286,0.3912087912087912,391.2087912087912,0.03076923076923077,0.09010989010989011,0.35384615384615387
0.266,167,11,3,274,0.9382022471910112,0.9823529411764705,0.9597701149425286,0.3912087912087912,391.2087912087912,0.03076923076923077,0.09010989010989011,0.35384615384615387
0.267,167,11,3,274,0.9382022471910112,0.9823529411764705,0.9597701149425286,0.3912087912087912,391.2087912087912,0.03076923076923077,0.09010989010989011,0.35384615384615387
0.268,167,11,3,274,0.9382022471910112,0.9823529411764705,0.9597701149425286,0.3912087912087912,391.2087912087912,0.03076923076923077,0.09010989010989011,0.35384615384615387
0.269,167,11,3,274,0.9382022471910112,0.9823529411764705,0.9597701149425286,0.3912087912087912,391.2087912087912,0.03076923076923077,0.09010989010989011,0.35384615384615387
0.27,167,11,3,274,0.9382022471910112,0.9823529411764705,0.9597701149425286,0.3912087912087912,391.2087912087912,0.03076923076923077,0.09010989010989011,0.35384615384615387
0.271,167,11,3,274,0.9382022471910112,0.9823529411764705,0.9597701149425286,0.3912087912087912,391.2087912087912,0.03076923076923077,0.09010989010989011,0.35384615384615387
0.272,167,11,3,274,0.9382022471910112,0.9823529411764705,0.9597701149425286,0.3912087912087912,391.2087912087912,0.03076923076923077,0.09010989010989011,0.35384615384615387
0.273,167,11,3,274,0.9382022471910112,0.9823529411764705,0.9597701149425286,0.3912087912087912,391.2087912087912,0.03076923076923077,0.09010989010989011,0.35384615384615387
0.274,167,11,3,274,0.9382022471910112,0.9823529411764705,0.9597701149425286,0.3912087912087912,391.2087912087912,0.03076923076923077,0.09010989010989011,0.35384615384615387
0.275,167,11,3,274,0.9382022471910112,0.9823529411764705,0.9597701149425286,0.3912087912087912,391.2087912087912,0.03076923076923077,0.09010989010989011,0.35384615384615387
0.276,167,11,3,274,0.9382022471910112,0.9823529411764705,0.9597701149425286,0.3912087912087912,391.2087912087912,0.03076923076923077,0.09010989010989011,0.35384615384615387
0.277,167,11,3,274,0.9382022471910112,0.9823529411764705,0.9597701149425286,0.3912087912087912,391.2087912087912,0.03076923076923077,0.09010989010989011,0.35384615384615387
0.278,167,11,3,274,0.9382022471910112,0.9823529411764705,0.9597701149425286,0.3912087912087912,391.2087912087912,0.03076923076923077,0.09010989010989011,0.35384615384615387
0.279,167,11,3,274,0.9382022471910112,0.9823529411764705,0.9597701149425286,0.3912087912087912,391.2087912087912,0.03076923076923077,0.09010989010989011,0.35384615384615387
0.28,167,11,3,274,0.9382022471910112,0.9823529411764705,0.9597701149425286,0.3912087912087912,391.2087912087912,0.03076923076923077,0.09010989010989011,0.35384615384615387
0.281,167,11,3,274,0.9382022471910112,0.9823529411764705,0.9597701149425286,0.3912087912087912,391.2087912087912,0.03076923076923077,0.09010989010989011,0.35384615384615387
0.28200000000000003,167,10,3,275,0.943502824858757,0.9823529411764705,0.9625360230547549,0.389010989010989,389.010989010989,0.02857142857142857,0.08791208791208792,0.3516483516483517
0.28300000000000003,167,10,3,275,0.943502824858757,0.9823529411764705,0.9625360230547549,0.389010989010989,389.010989010989,0.02857142857142857,0.08791208791208792,0.3516483516483517
0.28400000000000003,167,10,3,275,0.943502824858757,0.9823529411764705,0.9625360230547549,0.389010989010989,389.010989010989,0.02857142857142857,0.08791208791208792,0.3516483516483517
0.28500000000000003,167,10,3,275,0.943502824858757,0.9823529411764705,0.9625360230547549,0.389010989010989,389.010989010989,0.02857142857142857,0.08791208791208792,0.3516483516483517
0.28600000000000003,167,10,3,275,0.943502824858757,0.9823529411764705,0.9625360230547549,0.389010989010989,389.010989010989,0.02857142857142857,0.08791208791208792,0.3516483516483517
0.28700000000000003,167,10,3,275,0.943502824858757,0.9823529411764705,0.9625360230547549,0.389010989010989,389.010989010989,0.02857142857142857,0.08791208791208792,0.3516483516483517
0.28800000000000003,167,10,3,275,0.943502824858757,0.9823529411764705,0.9625360230547549,0.389010989010989,389.010989010989,0.02857142857142857,0.08791208791208792,0.3516483516483517
0.28900000000000003,167,10,3,275,0.943502824858757,0.9823529411764705,0.9625360230547549,0.389010989010989,389.010989010989,0.02857142857142857,0.08791208791208792,0.3516483516483517
0.29,167,10,3,275,0.943502824858757,0.9823529411764705,0.9625360230547549,0.389010989010989,389.010989010989,0.02857142857142857,0.08791208791208792,0.3516483516483517
0.291,167,10,3,275,0.943502824858757,0.9823529411764705,0.9625360230547549,0.389010989010989,389.010989010989,0.02857142857142857,0.08791208791208792,0.3516483516483517
0.292,167,10,3,275,0.943502824858757,0.9823529411764705,0.9625360230547549,0.389010989010989,389.010989010989,0.02857142857142857,0.08791208791208792,0.3516483516483517
0.293,167,10,3,275,0.943502824858757,0.9823529411764705,0.9625360230547549,0.389010989010989,389.010989010989,0.02857142857142857,0.08791208791208792,0.3516483516483517
0.294,167,10,3,275,0.943502824858757,0.9823529411764705,0.9625360230547549,0.389010989010989,389.010989010989,0.02857142857142857,0.08791208791208792,0.3516483516483517
0.295,167,10,3,275,0.943502824858757,0.9823529411764705,0.9625360230547549,0.389010989010989,389.010989010989,0.02857142857142857,0.08791208791208792,0.3516483516483517
0.296,167,10,3,275,0.943502824858757,0.9823529411764705,0.9625360230547549,0.389010989010989,389.010989010989,0.02857142857142857,0.08791208791208792,0.3516483516483517
0.297,167,10,3,275,0.943502824858757,0.9823529411764705,0.9625360230547549,0.389010989010989,389.010989010989,0.02857142857142857,0.08791208791208792,0.3516483516483517
0.298,167,10,3,275,0.943502824858757,0.9823529411764705,0.9625360230547549,0.389010989010989,389.010989010989,0.02857142857142857,0.08791208791208792,0.3516483516483517
0.299,167,10,3,275,0.943502824858757,0.9823529411764705,0.9625360230547549,0.389010989010989,389.010989010989,0.02857142857142857,0.08791208791208792,0.3516483516483517
0.3,167,10,3,275,0.943502824858757,0.9823529411764705,0.9625360230547549,0.389010989010989,389.010989010989,0.02857142857142857,0.08791208791208792,0.3516483516483517
0.301,167,10,3,275,0.943502824858757,0.9823529411764705,0.9625360230547549,0.389010989010989,389.010989010989,0.02857142857142857,0.08791208791208792,0.3516483516483517
0.302,167,10,3,275,0.943502824858757,0.9823529411764705,0.9625360230547549,0.389010989010989,389.010989010989,0.02857142857142857,0.08791208791208792,0.3516483516483517
0.303,167,10,3,275,0.943502824858757,0.9823529411764705,0.9625360230547549,0.389010989010989,389.010989010989,0.02857142857142857,0.08791208791208792,0.3516483516483517
0.304,167,10,3,275,0.943502824858757,0.9823529411764705,0.9625360230547549,0.389010989010989,389.010989010989,0.02857142857142857,0.08791208791208792,0.3516483516483517
0.305,167,10,3,275,0.943502824858757,0.9823529411764705,0.9625360230547549,0.389010989010989,389.010989010989,0.02857142857142857,0.08791208791208792,0.3516483516483517
0.306,167,10,3,275,0.943502824858757,0.9823529411764705,0.9625360230547549,0.389010989010989,389.010989010989,0.02857142857142857,0.08791208791208792,0.3516483516483517
0.307,167,10,3,275,0.943502824858757,0.9823529411764705,0.9625360230547549,0.389010989010989,389.010989010989,0.02857142857142857,0.08791208791208792,0.3516483516483517
0.308,167,10,3,275,0.943502824858757,0.9823529411764705,0.9625360230547549,0.389010989010989,389.010989010989,0.02857142857142857,0.08791208791208792,0.3516483516483517
0.309,167,10,3,275,0.943502824858757,0.9823529411764705,0.9625360230547549,0.389010989010989,389.010989010989,0.02857142857142857,0.08791208791208792,0.3516483516483517
0.31,167,10,3,275,0.943502824858757,0.9823529411764705,0.9625360230547549,0.389010989010989,389.010989010989,0.02857142857142857,0.08791208791208792,0.3516483516483517
0.311,167,9,3,276,0.9488636363636364,0.9823529411764705,0.9653179190751444,0.3868131868131868,386.8131868131868,0.026373626373626374,0.08571428571428572,0.34945054945054943
0.312,167,9,3,276,0.9488636363636364,0.9823529411764705,0.9653179190751444,0.3868131868131868,386.8131868131868,0.026373626373626374,0.08571428571428572,0.34945054945054943
0.313,167,9,3,276,0.9488636363636364,0.9823529411764705,0.9653179190751444,0.3868131868131868,386.8131868131868,0.026373626373626374,0.08571428571428572,0.34945054945054943
0.314,167,9,3,276,0.9488636363636364,0.9823529411764705,0.9653179190751444,0.3868131868131868,386.8131868131868,0.026373626373626374,0.08571428571428572,0.34945054945054943
0.315,167,9,3,276,0.9488636363636364,0.9823529411764705,0.9653179190751444,0.3868131868131868,386.8131868131868,0.026373626373626374,0.08571428571428572,0.34945054945054943
0.316,167,9,3,276,0.9488636363636364,0.9823529411764705,0.9653179190751444,0.3868131868131868,386.8131868131868,0.026373626373626374,0.08571428571428572,0.34945054945054943
0.317,167,9,3,276,0.9488636363636364,0.9823529411764705,0.9653179190751444,0.3868131868131868,386.8131868131868,0.026373626373626374,0.08571428571428572,0.34945054945054943
0.318,167,9,3,276,0.9488636363636364,0.9823529411764705,0.9653179190751444,0.3868131868131868,386.8131868131868,0.026373626373626374,0.08571428571428572,0.34945054945054943
0.319,167,9,3,276,0.9488636363636364,0.9823529411764705,0.9653179190751444,0.3868131868131868,386.8131868131868,0.026373626373626374,0.08571428571428572,0.34945054945054943
0.32,167,9,3,276,0.9488636363636364,0.9823529411764705,0.9653179190751444,0.3868131868131868,386.8131868131868,0.026373626373626374,0.08571428571428572,0.34945054945054943
0.321,167,9,3,276,0.9488636363636364,0.9823529411764705,0.9653179190751444,0.3868131868131868,386.8131868131868,0.026373626373626374,0.08571428571428572,0.34945054945054943
0.322,167,9,3,276,0.9488636363636364,0.9823529411764705,0.9653179190751444,0.3868131868131868,386.8131868131868,0.026373626373626374,0.08571428571428572,0.34945054945054943
0.323,167,9,3,276,0.9488636363636364,0.9823529411764705,0.9653179190751444,0.3868131868131868,386.8131868131868,0.026373626373626374,0.08571428571428572,0.34945054945054943
0.324,167,9,3,276,0.9488636363636364,0.9823529411764705,0.9653179190751444,0.3868131868131868,386.8131868131868,0.026373626373626374,0.08571428571428572,0.34945054945054943
0.325,167,9,3,276,0.9488636363636364,0.9823529411764705,0.9653179190751444,0.3868131868131868,386.8131868131868,0.026373626373626374,0.08571428571428572,0.34945054945054943
0.326,167,9,3,276,0.9488636363636364,0.9823529411764705,0.9653179190751444,0.3868131868131868,386.8131868131868,0.026373626373626374,0.08571428571428572,0.34945054945054943
0.327,167,9,3,276,0.9488636363636364,0.9823529411764705,0.9653179190751444,0.3868131868131868,386.8131868131868,0.026373626373626374,0.08571428571428572,0.34945054945054943
0.328,167,9,3,276,0.9488636363636364,0.9823529411764705,0.9653179190751444,0.3868131868131868,386.8131868131868,0.026373626373626374,0.08571428571428572,0.34945054945054943
0.329,167,9,3,276,0.9488636363636364,0.9823529411764705,0.9653179190751444,0.3868131868131868,386.8131868131868,0.026373626373626374,0.08571428571428572,0.34945054945054943
0.33,167,9,3,276,0.9488636363636364,0.9823529411764705,0.9653179190751444,0.3868131868131868,386.8131868131868,0.026373626373626374,0.08571428571428572,0.34945054945054943
0.331,167,9,3,276,0.9488636363636364,0.9823529411764705,0.9653179190751444,0.3868131868131868,386.8131868131868,0.026373626373626374,0.08571428571428572,0.34945054945054943
0.332,167,9,3,276,0.9488636363636364,0.9823529411764705,0.9653179190751444,0.3868131868131868,386.8131868131868,0.026373626373626374,0.08571428571428572,0.34945054945054943
0.333,167,9,3,276,0.9488636363636364,0.9823529411764705,0.9653179190751444,0.3868131868131868,386.8131868131868,0.026373626373626374,0.08571428571428572,0.34945054945054943
0.334,167,9,3,276,0.9488636363636364,0.9823529411764705,0.9653179190751444,0.3868131868131868,386.8131868131868,0.026373626373626374,0.08571428571428572,0.34945054945054943
0.335,167,9,3,276,0.9488636363636364,0.9823529411764705,0.9653179190751444,0.3868131868131868,386.8131868131868,0.026373626373626374,0.08571428571428572,0.34945054945054943
0.336,167,9,3,276,0.9488636363636364,0.9823529411764705,0.9653179190751444,0.3868131868131868,386.8131868131868,0.026373626373626374,0.08571428571428572,0.34945054945054943
0.337,167,9,3,276,0.9488636363636364,0.9823529411764705,0.9653179190751444,0.3868131868131868,386.8131868131868,0.026373626373626374,0.08571428571428572,0.34945054945054943
0.338,166,9,4,276,0.9485714285714286,0.9764705882352941,0.9623188405797102,0.38461538461538464,384.61538461538464,0.02857142857142857,0.1076923076923077,0.4593406593406593
0.339,166,9,4,276,0.9485714285714286,0.9764705882352941,0.9623188405797102,0.38461538461538464,384.61538461538464,0.02857142857142857,0.1076923076923077,0.4593406593406593
0.34,166,9,4,276,0.9485714285714286,0.9764705882352941,0.9623188405797102,0.38461538461538464,384.61538461538464,0.02857142857142857,0.1076923076923077,0.4593406593406593
0.341,166,9,4,276,0.9485714285714286,0.9764705882352941,0.9623188405797102,0.38461538461538464,384.61538461538464,0.02857142857142857,0.1076923076923077,0.4593406593406593
0.342,166,9,4,276,0.9485714285714286,0.9764705882352941,0.9623188405797102,0.38461538461538464,384.61538461538464,0.02857142857142857,0.1076923076923077,0.4593406593406593
0.343,166,9,4,276,0.9485714285714286,0.9764705882352941,0.9623188405797102,0.38461538461538464,384.61538461538464,0.02857142857142857,0.1076923076923077,0.4593406593406593
0.34400000000000003,166,9,4,276,0.9485714285714286,0.9764705882352941,0.9623188405797102,0.38461538461538464,384.61538461538464,0.02857142857142857,0.1076923076923077,0.4593406593406593
0.34500000000000003,166,9,4,276,0.9485714285714286,0.9764705882352941,0.9623188405797102,0.38461538461538464,384.61538461538464,0.02857142857142857,0.1076923076923077,0.4593406593406593
0.34600000000000003,166,9,4,276,0.9485714285714286,0.9764705882352941,0.9623188405797102,0.38461538461538464,384.61538461538464,0.02857142857142857,0.1076923076923077,0.4593406593406593
0.34700000000000003,166,9,4,276,0.9485714285714286,0.9764705882352941,0.9623188405797102,0.38461538461538464,384.61538461538464,0.02857142857142857,0.1076923076923077,0.4593406593406593
0.34800000000000003,166,9,4,276,0.9485714285714286,0.9764705882352941,0.9623188405797102,0.38461538461538464,384.61538461538464,0.02857142857142857,0.1076923076923077,0.4593406593406593
0.34900000000000003,166,8,4,277,0.9540229885057471,0.9764705882352941,0.9651162790697674,0.3824175824175824,382.41758241758237,0.026373626373626374,0.1054945054945055,0.45714285714285713
0.35000000000000003,166,8,4,277,0.9540229885057471,0.9764705882352941,0.9651162790697674,0.3824175824175824,382.41758241758237,0.026373626373626374,0.1054945054945055,0.45714285714285713
0.35100000000000003,166,8,4,277,0.9540229885057471,0.9764705882352941,0.9651162790697674,0.3824175824175824,382.41758241758237,0.026373626373626374,0.1054945054945055,0.45714285714285713
0.35200000000000004,166,8,4,277,0.9540229885057471,0.9764705882352941,0.9651162790697674,0.3824175824175824,382.41758241758237,0.026373626373626374,0.1054945054945055,0.45714285714285713
0.353,166,8,4,277,0.9540229885057471,0.9764705882352941,0.9651162790697674,0.3824175824175824,382.41758241758237,0.026373626373626374,0.1054945054945055,0.45714285714285713
0.354,166,8,4,277,0.9540229885057471,0.9764705882352941,0.9651162790697674,0.3824175824175824,382.41758241758237,0.026373626373626374,0.1054945054945055,0.45714285714285713
0.355,166,8,4,277,0.9540229885057471,0.9764705882352941,0.9651162790697674,0.3824175824175824,382.41758241758237,0.026373626373626374,0.1054945054945055,0.45714285714285713
0.356,166,8,4,277,0.9540229885057471,0.9764705882352941,0.9651162790697674,0.3824175824175824,382.41758241758237,0.026373626373626374,0.1054945054945055,0.45714285714285713
0.357,166,8,4,277,0.9540229885057471,0.9764705882352941,0.9651162790697674,0.3824175824175824,382.41758241758237,0.026373626373626374,0.1054945054945055,0.45714285714285713
0.358,166,8,4,277,0.9540229885057471,0.9764705882352941,0.9651162790697674,0.3824175824175824,382.41758241758237,0.026373626373626374,0.1054945054945055,0.45714285714285713
0.359,166,8,4,277,0.9540229885057471,0.9764705882352941,0.9651162790697674,0.3824175824175824,382.41758241758237,0.026373626373626374,0.1054945054945055,0.45714285714285713
0.36,166,7,4,278,0.9595375722543352,0.9764705882352941,0.9679300291545189,0.3802197802197802,380.2197802197802,0.024175824175824177,0.10329670329670329,0.45494505494505494
0.361,166,7,4,278,0.9595375722543352,0.9764705882352941,0.9679300291545189,0.3802197802197802,380.2197802197802,0.024175824175824177,0.10329670329670329,0.45494505494505494
0.362,166,7,4,278,0.9595375722543352,0.9764705882352941,0.9679300291545189,0.3802197802197802,380.2197802197802,0.024175824175824177,0.10329670329670329,0.45494505494505494
0.363,166,7,4,278,0.9595375722543352,0.9764705882352941,0.9679300291545189,0.3802197802197802,380.2197802197802,0.024175824175824177,0.10329670329670329,0.45494505494505494
0.364,166,7,4,278,0.9595375722543352,0.9764705882352941,0.9679300291545189,0.3802197802197802,380.2197802197802,0.024175824175824177,0.10329670329670329,0.45494505494505494
0.365,166,7,4,278,0.9595375722543352,0.9764705882352941,0.9679300291545189,0.3802197802197802,380.2197802197802,0.024175824175824177,0.10329670329670329,0.45494505494505494
0.366,166,7,4,278,0.9595375722543352,0.9764705882352941,0.9679300291545189,0.3802197802197802,380.2197802197802,0.024175824175824177,0.10329670329670329,0.45494505494505494
0.367,166,7,4,278,0.9595375722543352,0.9764705882352941,0.9679300291545189,0.3802197802197802,380.2197802197802,0.024175824175824177,0.10329670329670329,0.45494505494505494
0.368,166,7,4,278,0.9595375722543352,0.9764705882352941,0.9679300291545189,0.3802197802197802,380.2197802197802,0.024175824175824177,0.10329670329670329,0.45494505494505494
0.369,166,7,4,278,0.9595375722543352,0.9764705882352941,0.9679300291545189,0.3802197802197802,380.2197802197802,0.024175824175824177,0.10329670329670329,0.45494505494505494
0.37,166,7,4,278,0.9595375722543352,0.9764705882352941,0.9679300291545189,0.3802197802197802,380.2197802197802,0.024175824175824177,0.10329670329670329,0.45494505494505494
0.371,166,7,4,278,0.9595375722543352,0.9764705882352941,0.9679300291545189,0.3802197802197802,380.2197802197802,0.024175824175824177,0.10329670329670329,0.45494505494505494
0.372,166,7,4,278,0.9595375722543352,0.9764705882352941,0.9679300291545189,0.3802197802197802,380.2197802197802,0.024175824175824177,0.10329670329670329,0.45494505494505494
0.373,166,7,4,278,0.9595375722543352,0.9764705882352941,0.9679300291545189,0.3802197802197802,380.2197802197802,0.024175824175824177,0.10329670329670329,0.45494505494505494
0.374,166,7,4,278,0.9595375722543352,0.9764705882352941,0.9679300291545189,0.3802197802197802,380.2197802197802,0.024175824175824177,0.10329670329670329,0.45494505494505494
0.375,166,7,4,278,0.9595375722543352,0.9764705882352941,0.9679300291545189,0.3802197802197802,380.2197802197802,0.024175824175824177,0.10329670329670329,0.45494505494505494
0.376,166,7,4,278,0.9595375722543352,0.9764705882352941,0.9679300291545189,0.3802197802197802,380.2197802197802,0.024175824175824177,0.10329670329670329,0.45494505494505494
0.377,166,7,4,278,0.9595375722543352,0.9764705882352941,0.9679300291545189,0.3802197802197802,380.2197802197802,0.024175824175824177,0.10329670329670329,0.45494505494505494
0.378,166,7,4,278,0.9595375722543352,0.9764705882352941,0.9679300291545189,0.3802197802197802,380.2197802197802,0.024175824175824177,0.10329670329670329,0.45494505494505494
0.379,166,7,4,278,0.9595375722543352,0.9764705882352941,0.9679300291545189,0.3802197802197802,380.2197802197802,0.024175824175824177,0.10329670329670329,0.45494505494505494
0.38,166,7,4,278,0.9595375722543352,0.9764705882352941,0.9679300291545189,0.3802197802197802,380.2197802197802,0.024175824175824177,0.10329670329670329,0.45494505494505494
0.381,166,7,4,278,0.9595375722543352,0.9764705882352941,0.9679300291545189,0.3802197802197802,380.2197802197802,0.024175824175824177,0.10329670329670329,0.45494505494505494
0.382,166,7,4,278,0.9595375722543352,0.9764705882352941,0.9679300291545189,0.3802197802197802,380.2197802197802,0.024175824175824177,0.10329670329670329,0.45494505494505494
0.383,166,7,4,278,0.9595375722543352,0.9764705882352941,0.9679300291545189,0.3802197802197802,380.2197802197802,0.024175824175824177,0.10329670329670329,0.45494505494505494
0.384,166,7,4,278,0.9595375722543352,0.9764705882352941,0.9679300291545189,0.3802197802197802,380.2197802197802,0.024175824175824177,0.10329670329670329,0.45494505494505494
0.385,166,7,4,278,0.9595375722543352,0.9764705882352941,0.9679300291545189,0.3802197802197802,380.2197802197802,0.024175824175824177,0.10329670329670329,0.45494505494505494
0.386,166,7,4,278,0.9595375722543352,0.9764705882352941,0.9679300291545189,0.3802197802197802,380.2197802197802,0.024175824175824177,0.10329670329670329,0.45494505494505494
0.387,166,7,4,278,0.9595375722543352,0.9764705882352941,0.9679300291545189,0.3802197802197802,380.2197802197802,0.024175824175824177,0.10329670329670329,0.45494505494505494
0.388,166,7,4,278,0.9595375722543352,0.9764705882352941,0.9679300291545189,0.3802197802197802,380.2197802197802,0.024175824175824177,0.10329670329670329,0.45494505494505494
0.389,166,7,4,278,0.9595375722543352,0.9764705882352941,0.9679300291545189,0.3802197802197802,380.2197802197802,0.024175824175824177,0.10329670329670329,0.45494505494505494
0.39,166,7,4,278,0.9595375722543352,0.9764705882352941,0.9679300291545189,0.3802197802197802,380.2197802197802,0.024175824175824177,0.10329670329670329,0.45494505494505494
0.391,166,7,4,278,0.9595375722543352,0.9764705882352941,0.9679300291545189,0.3802197802197802,380.2197802197802,0.024175824175824177,0.10329670329670329,0.45494505494505494
0.392,166,7,4,278,0.9595375722543352,0.9764705882352941,0.9679300291545189,0.3802197802197802,380.2197802197802,0.024175824175824177,0.10329670329670329,0.45494505494505494
0.393,166,7,4,278,0.9595375722543352,0.9764705882352941,0.9679300291545189,0.3802197802197802,380.2197802197802,0.024175824175824177,0.10329670329670329,0.45494505494505494
0.394,166,7,4,278,0.9595375722543352,0.9764705882352941,0.9679300291545189,0.3802197802197802,380.2197802197802,0.024175824175824177,0.10329670329670329,0.45494505494505494
0.395,166,7,4,278,0.9595375722543352,0.9764705882352941,0.9679300291545189,0.3802197802197802,380.2197802197802,0.024175824175824177,0.10329670329670329,0.45494505494505494
0.396,166,7,4,278,0.9595375722543352,0.9764705882352941,0.9679300291545189,0.3802197802197802,380.2197802197802,0.024175824175824177,0.10329670329670329,0.45494505494505494
0.397,166,7,4,278,0.9595375722543352,0.9764705882352941,0.9679300291545189,0.3802197802197802,380.2197802197802,0.024175824175824177,0.10329670329670329,0.45494505494505494
0.398,166,7,4,278,0.9595375722543352,0.9764705882352941,0.9679300291545189,0.3802197802197802,380.2197802197802,0.024175824175824177,0.10329670329670329,0.45494505494505494
0.399,166,7,4,278,0.9595375722543352,0.9764705882352941,0.9679300291545189,0.3802197802197802,380.2197802197802,0.024175824175824177,0.10329670329670329,0.45494505494505494
0.4,166,7,4,278,0.9595375722543352,0.9764705882352941,0.9679300291545189,0.3802197802197802,380.2197802197802,0.024175824175824177,0.10329670329670329,0.45494505494505494
0.401,166,7,4,278,0.9595375722543352,0.9764705882352941,0.9679300291545189,0.3802197802197802,380.2197802197802,0.024175824175824177,0.10329670329670329,0.45494505494505494
0.402,166,7,4,278,0.9595375722543352,0.9764705882352941,0.9679300291545189,0.3802197802197802,380.2197802197802,0.024175824175824177,0.10329670329670329,0.45494505494505494
0.403,166,7,4,278,0.9595375722543352,0.9764705882352941,0.9679300291545189,0.3802197802197802,380.2197802197802,0.024175824175824177,0.10329670329670329,0.45494505494505494
0.404,166,7,4,278,0.9595375722543352,0.9764705882352941,0.9679300291545189,0.3802197802197802,380.2197802197802,0.024175824175824177,0.10329670329670329,0.45494505494505494
0.405,166,7,4,278,0.9595375722543352,0.9764705882352941,0.9679300291545189,0.3802197802197802,380.2197802197802,0.024175824175824177,0.10329670329670329,0.45494505494505494
0.406,166,7,4,278,0.9595375722543352,0.9764705882352941,0.9679300291545189,0.3802197802197802,380.2197802197802,0.024175824175824177,0.10329670329670329,0.45494505494505494
0.40700000000000003,166,7,4,278,0.9595375722543352,0.9764705882352941,0.9679300291545189,0.3802197802197802,380.2197802197802,0.024175824175824177,0.10329670329670329,0.45494505494505494
0.40800000000000003,166,6,4,279,0.9651162790697675,0.9764705882352941,0.9707602339181286,0.378021978021978,378.021978021978,0.02197802197802198,0.1010989010989011,0.45274725274725275
0.40900000000000003,166,6,4,279,0.9651162790697675,0.9764705882352941,0.9707602339181286,0.378021978021978,378.021978021978,0.02197802197802198,0.1010989010989011,0.45274725274725275
0.41000000000000003,166,6,4,279,0.9651162790697675,0.9764705882352941,0.9707602339181286,0.378021978021978,378.021978021978,0.02197802197802198,0.1010989010989011,0.45274725274725275
0.41100000000000003,166,6,4,279,0.9651162790697675,0.9764705882352941,0.9707602339181286,0.378021978021978,378.021978021978,0.02197802197802198,0.1010989010989011,0.45274725274725275
0.41200000000000003,166,6,4,279,0.9651162790697675,0.9764705882352941,0.9707602339181286,0.378021978021978,378.021978021978,0.02197802197802198,0.1010989010989011,0.45274725274725275
0.41300000000000003,166,6,4,279,0.9651162790697675,0.9764705882352941,0.9707602339181286,0.378021978021978,378.021978021978,0.02197802197802198,0.1010989010989011,0.45274725274725275
0.41400000000000003,166,6,4,279,0.9651162790697675,0.9764705882352941,0.9707602339181286,0.378021978021978,378.021978021978,0.02197802197802198,0.1010989010989011,0.45274725274725275
0.41500000000000004,166,6,4,279,0.9651162790697675,0.9764705882352941,0.9707602339181286,0.378021978021978,378.021978021978,0.02197802197802198,0.1010989010989011,0.45274725274725275
0.41600000000000004,166,6,4,279,0.9651162790697675,0.9764705882352941,0.9707602339181286,0.378021978021978,378.021978021978,0.02197802197802198,0.1010989010989011,0.45274725274725275
0.41700000000000004,166,6,4,279,0.9651162790697675,0.9764705882352941,0.9707602339181286,0.378021978021978,378.021978021978,0.02197802197802198,0.1010989010989011,0.45274725274725275
0.418,166,6,4,279,0.9651162790697675,0.9764705882352941,0.9707602339181286,0.378021978021978,378.021978021978,0.02197802197802198,0.1010989010989011,0.45274725274725275
0.419,166,6,4,279,0.9651162790697675,0.9764705882352941,0.9707602339181286,0.378021978021978,378.021978021978,0.02197802197802198,0.1010989010989011,0.45274725274725275
0.42,166,6,4,279,0.9651162790697675,0.9764705882352941,0.9707602339181286,0.378021978021978,378.021978021978,0.02197802197802198,0.1010989010989011,0.45274725274725275
0.421,166,6,4,279,0.9651162790697675,0.9764705882352941,0.9707602339181286,0.378021978021978,378.021978021978,0.02197802197802198,0.1010989010989011,0.45274725274725275
0.422,166,6,4,279,0.9651162790697675,0.9764705882352941,0.9707602339181286,0.378021978021978,378.021978021978,0.02197802197802198,0.1010989010989011,0.45274725274725275
0.423,166,6,4,279,0.9651162790697675,0.9764705882352941,0.9707602339181286,0.378021978021978,378.021978021978,0.02197802197802198,0.1010989010989011,0.45274725274725275
0.424,166,6,4,279,0.9651162790697675,0.9764705882352941,0.9707602339181286,0.378021978021978,378.021978021978,0.02197802197802198,0.1010989010989011,0.45274725274725275
0.425,166,6,4,279,0.9651162790697675,0.9764705882352941,0.9707602339181286,0.378021978021978,378.021978021978,0.02197802197802198,0.1010989010989011,0.45274725274725275
0.426,166,6,4,279,0.9651162790697675,0.9764705882352941,0.9707602339181286,0.378021978021978,378.021978021978,0.02197802197802198,0.1010989010989011,0.45274725274725275
0.427,166,6,4,279,0.9651162790697675,0.9764705882352941,0.9707602339181286,0.378021978021978,378.021978021978,0.02197802197802198,0.1010989010989011,0.45274725274725275
0.428,166,6,4,279,0.9651162790697675,0.9764705882352941,0.9707602339181286,0.378021978021978,378.021978021978,0.02197802197802198,0.1010989010989011,0.45274725274725275
0.429,166,6,4,279,0.9651162790697675,0.9764705882352941,0.9707602339181286,0.378021978021978,378.021978021978,0.02197802197802198,0.1010989010989011,0.45274725274725275
0.43,166,6,4,279,0.9651162790697675,0.9764705882352941,0.9707602339181286,0.378021978021978,378.021978021978,0.02197802197802198,0.1010989010989011,0.45274725274725275
0.431,166,6,4,279,0.9651162790697675,0.9764705882352941,0.9707602339181286,0.378021978021978,378.021978021978,0.02197802197802198,0.1010989010989011,0.45274725274725275
0.432,166,6,4,279,0.9651162790697675,0.9764705882352941,0.9707602339181286,0.378021978021978,378.021978021978,0.02197802197802198,0.1010989010989011,0.45274725274725275
0.433,166,6,4,279,0.9651162790697675,0.9764705882352941,0.9707602339181286,0.378021978021978,378.021978021978,0.02197802197802198,0.1010989010989011,0.45274725274725275
0.434,166,6,4,279,0.9651162790697675,0.9764705882352941,0.9707602339181286,0.378021978021978,378.021978021978,0.02197802197802198,0.1010989010989011,0.45274725274725275
0.435,166,6,4,279,0.9651162790697675,0.9764705882352941,0.9707602339181286,0.378021978021978,378.021978021978,0.02197802197802198,0.1010989010989011,0.45274725274725275
0.436,166,6,4,279,0.9651162790697675,0.9764705882352941,0.9707602339181286,0.378021978021978,378.021978021978,0.02197802197802198,0.1010989010989011,0.45274725274725275
0.437,166,6,4,279,0.9651162790697675,0.9764705882352941,0.9707602339181286,0.378021978021978,378.021978021978,0.02197802197802198,0.1010989010989011,0.45274725274725275
0.438,166,6,4,279,0.9651162790697675,0.9764705882352941,0.9707602339181286,0.378021978021978,378.021978021978,0.02197802197802198,0.1010989010989011,0.45274725274725275
0.439,166,6,4,279,0.9651162790697675,0.9764705882352941,0.9707602339181286,0.378021978021978,378.021978021978,0.02197802197802198,0.1010989010989011,0.45274725274725275
0.44,166,6,4,279,0.9651162790697675,0.9764705882352941,0.9707602339181286,0.378021978021978,378.021978021978,0.02197802197802198,0.1010989010989011,0.45274725274725275
0.441,166,6,4,279,0.9651162790697675,0.9764705882352941,0.9707602339181286,0.378021978021978,378.021978021978,0.02197802197802198,0.1010989010989011,0.45274725274725275
0.442,166,4,4,281,0.9764705882352941,0.9764705882352941,0.9764705882352941,0.37362637362637363,373.6263736263736,0.017582417582417582,0.0967032967032967,0.44835164835164837
0.443,166,4,4,281,0.9764705882352941,0.9764705882352941,0.9764705882352941,0.37362637362637363,373.6263736263736,0.017582417582417582,0.0967032967032967,0.44835164835164837
0.444,166,4,4,281,0.9764705882352941,0.9764705882352941,0.9764705882352941,0.37362637362637363,373.6263736263736,0.017582417582417582,0.0967032967032967,0.44835164835164837
0.445,166,4,4,281,0.9764705882352941,0.9764705882352941,0.9764705882352941,0.37362637362637363,373.6263736263736,0.017582417582417582,0.0967032967032967,0.44835164835164837
0.446,166,4,4,281,0.9764705882352941,0.9764705882352941,0.9764705882352941,0.37362637362637363,373.6263736263736,0.017582417582417582,0.0967032967032967,0.44835164835164837
0.447,166,4,4,281,0.9764705882352941,0.9764705882352941,0.9764705882352941,0.37362637362637363,373.6263736263736,0.017582417582417582,0.0967032967032967,0.44835164835164837
0.448,166,4,4,281,0.9764705882352941,0.9764705882352941,0.9764705882352941,0.37362637362637363,373.6263736263736,0.017582417582417582,0.0967032967032967,0.44835164835164837
0.449,166,4,4,281,0.9764705882352941,0.9764705882352941,0.9764705882352941,0.37362637362637363,373.6263736263736,0.017582417582417582,0.0967032967032967,0.44835164835164837
0.45,166,4,4,281,0.9764705882352941,0.9764705882352941,0.9764705882352941,0.37362637362637363,373.6263736263736,0.017582417582417582,0.0967032967032967,0.44835164835164837
0.451,166,4,4,281,0.9764705882352941,0.9764705882352941,0.9764705882352941,0.37362637362637363,373.6263736263736,0.017582417582417582,0.0967032967032967,0.44835164835164837
0.452,166,4,4,281,0.9764705882352941,0.9764705882352941,0.9764705882352941,0.37362637362637363,373.6263736263736,0.017582417582417582,0.0967032967032967,0.44835164835164837
0.453,166,4,4,281,0.9764705882352941,0.9764705882352941,0.9764705882352941,0.37362637362637363,373.6263736263736,0.017582417582417582,0.0967032967032967,0.44835164835164837
0.454,166,4,4,281,0.9764705882352941,0.9764705882352941,0.9764705882352941,0.37362637362637363,373.6263736263736,0.017582417582417582,0.0967032967032967,0.44835164835164837
0.455,166,4,4,281,0.9764705882352941,0.9764705882352941,0.9764705882352941,0.37362637362637363,373.6263736263736,0.017582417582417582,0.0967032967032967,0.44835164835164837
0.456,166,4,4,281,0.9764705882352941,0.9764705882352941,0.9764705882352941,0.37362637362637363,373.6263736263736,0.017582417582417582,0.0967032967032967,0.44835164835164837
0.457,166,4,4,281,0.9764705882352941,0.9764705882352941,0.9764705882352941,0.37362637362637363,373.6263736263736,0.017582417582417582,0.0967032967032967,0.44835164835164837
0.458,166,4,4,281,0.9764705882352941,0.9764705882352941,0.9764705882352941,0.37362637362637363,373.6263736263736,0.017582417582417582,0.0967032967032967,0.44835164835164837
0.459,166,4,4,281,0.9764705882352941,0.9764705882352941,0.9764705882352941,0.37362637362637363,373.6263736263736,0.017582417582417582,0.0967032967032967,0.44835164835164837
0.46,166,4,4,281,0.9764705882352941,0.9764705882352941,0.9764705882352941,0.37362637362637363,373.6263736263736,0.017582417582417582,0.0967032967032967,0.44835164835164837
0.461,166,4,4,281,0.9764705882352941,0.9764705882352941,0.9764705882352941,0.37362637362637363,373.6263736263736,0.017582417582417582,0.0967032967032967,0.44835164835164837
0.462,166,4,4,281,0.9764705882352941,0.9764705882352941,0.9764705882352941,0.37362637362637363,373.6263736263736,0.017582417582417582,0.0967032967032967,0.44835164835164837
0.463,165,4,5,281,0.9763313609467456,0.9705882352941176,0.9734513274336284,0.37142857142857144,371.42857142857144,0.01978021978021978,0.11868131868131868,0.5582417582417583
0.464,165,4,5,281,0.9763313609467456,0.9705882352941176,0.9734513274336284,0.37142857142857144,371.42857142857144,0.01978021978021978,0.11868131868131868,0.5582417582417583
0.465,165,4,5,281,0.9763313609467456,0.9705882352941176,0.9734513274336284,0.37142857142857144,371.42857142857144,0.01978021978021978,0.11868131868131868,0.5582417582417583
0.466,165,4,5,281,0.9763313609467456,0.9705882352941176,0.9734513274336284,0.37142857142857144,371.42857142857144,0.01978021978021978,0.11868131868131868,0.5582417582417583
0.467,165,4,5,281,0.9763313609467456,0.9705882352941176,0.9734513274336284,0.37142857142857144,371.42857142857144,0.01978021978021978,0.11868131868131868,0.5582417582417583
0.468,165,4,5,281,0.9763313609467456,0.9705882352941176,0.9734513274336284,0.37142857142857144,371.42857142857144,0.01978021978021978,0.11868131868131868,0.5582417582417583
0.46900000000000003,165,4,5,281,0.9763313609467456,0.9705882352941176,0.9734513274336284,0.37142857142857144,371.42857142857144,0.01978021978021978,0.11868131868131868,0.5582417582417583
0.47000000000000003,165,4,5,281,0.9763313609467456,0.9705882352941176,0.9734513274336284,0.37142857142857144,371.42857142857144,0.01978021978021978,0.11868131868131868,0.5582417582417583
0.47100000000000003,165,4,5,281,0.9763313609467456,0.9705882352941176,0.9734513274336284,0.37142857142857144,371.42857142857144,0.01978021978021978,0.11868131868131868,0.5582417582417583
0.47200000000000003,165,4,5,281,0.9763313609467456,0.9705882352941176,0.9734513274336284,0.37142857142857144,371.42857142857144,0.01978021978021978,0.11868131868131868,0.5582417582417583
0.47300000000000003,165,4,5,281,0.9763313609467456,0.9705882352941176,0.9734513274336284,0.37142857142857144,371.42857142857144,0.01978021978021978,0.11868131868131868,0.5582417582417583
0.47400000000000003,165,4,5,281,0.9763313609467456,0.9705882352941176,0.9734513274336284,0.37142857142857144,371.42857142857144,0.01978021978021978,0.11868131868131868,0.5582417582417583
0.47500000000000003,165,4,5,281,0.9763313609467456,0.9705882352941176,0.9734513274336284,0.37142857142857144,371.42857142857144,0.01978021978021978,0.11868131868131868,0.5582417582417583
0.47600000000000003,165,4,5,281,0.9763313609467456,0.9705882352941176,0.9734513274336284,0.37142857142857144,371.42857142857144,0.01978021978021978,0.11868131868131868,0.5582417582417583
0.47700000000000004,165,4,5,281,0.9763313609467456,0.9705882352941176,0.9734513274336284,0.37142857142857144,371.42857142857144,0.01978021978021978,0.11868131868131868,0.5582417582417583
0.47800000000000004,165,4,5,281,0.9763313609467456,0.9705882352941176,0.9734513274336284,0.37142857142857144,371.42857142857144,0.01978021978021978,0.11868131868131868,0.5582417582417583
0.47900000000000004,165,4,5,281,0.9763313609467456,0.9705882352941176,0.9734513274336284,0.37142857142857144,371.42857142857144,0.01978021978021978,0.11868131868131868,0.5582417582417583
0.48000000000000004,165,4,5,281,0.9763313609467456,0.9705882352941176,0.9734513274336284,0.37142857142857144,371.42857142857144,0.01978021978021978,0.11868131868131868,0.5582417582417583
0.481,165,4,5,281,0.9763313609467456,0.9705882352941176,0.9734513274336284,0.37142857142857144,371.42857142857144,0.01978021978021978,0.11868131868131868,0.5582417582417583
0.482,165,4,5,281,0.9763313609467456,0.9705882352941176,0.9734513274336284,0.37142857142857144,371.42857142857144,0.01978021978021978,0.11868131868131868,0.5582417582417583
0.483,165,4,5,281,0.9763313609467456,0.9705882352941176,0.9734513274336284,0.37142857142857144,371.42857142857144,0.01978021978021978,0.11868131868131868,0.5582417582417583
0.484,164,4,6,281,0.9761904761904762,0.9647058823529412,0.9704142011834319,0.36923076923076925,369.2307692307692,0.02197802197802198,0.14065934065934066,0.6681318681318681
0.485,164,4,6,281,0.9761904761904762,0.9647058823529412,0.9704142011834319,0.36923076923076925,369.2307692307692,0.02197802197802198,0.14065934065934066,0.6681318681318681
0.486,164,4,6,281,0.9761904761904762,0.9647058823529412,0.9704142011834319,0.36923076923076925,369.2307692307692,0.02197802197802198,0.14065934065934066,0.6681318681318681
0.487,164,4,6,281,0.9761904761904762,0.9647058823529412,0.9704142011834319,0.36923076923076925,369.2307692307692,0.02197802197802198,0.14065934065934066,0.6681318681318681
0.488,164,4,6,281,0.9761904761904762,0.9647058823529412,0.9704142011834319,0.36923076923076925,369.2307692307692,0.02197802197802198,0.14065934065934066,0.6681318681318681
0.489,164,4,6,281,0.9761904761904762,0.9647058823529412,0.9704142011834319,0.36923076923076925,369.2307692307692,0.02197802197802198,0.14065934065934066,0.6681318681318681
0.49,164,4,6,281,0.9761904761904762,0.9647058823529412,0.9704142011834319,0.36923076923076925,369.2307692307692,0.02197802197802198,0.14065934065934066,0.6681318681318681
0.491,164,4,6,281,0.9761904761904762,0.9647058823529412,0.9704142011834319,0.36923076923076925,369.2307692307692,0.02197802197802198,0.14065934065934066,0.6681318681318681
0.492,164,4,6,281,0.9761904761904762,0.9647058823529412,0.9704142011834319,0.36923076923076925,369.2307692307692,0.02197802197802198,0.14065934065934066,0.6681318681318681
0.493,164,4,6,281,0.9761904761904762,0.9647058823529412,0.9704142011834319,0.36923076923076925,369.2307692307692,0.02197802197802198,0.14065934065934066,0.6681318681318681
0.494,164,4,6,281,0.9761904761904762,0.9647058823529412,0.9704142011834319,0.36923076923076925,369.2307692307692,0.02197802197802198,0.14065934065934066,0.6681318681318681
0.495,164,4,6,281,0.9761904761904762,0.9647058823529412,0.9704142011834319,0.36923076923076925,369.2307692307692,0.02197802197802198,0.14065934065934066,0.6681318681318681
0.496,164,4,6,281,0.9761904761904762,0.9647058823529412,0.9704142011834319,0.36923076923076925,369.2307692307692,0.02197802197802198,0.14065934065934066,0.6681318681318681
0.497,164,4,6,281,0.9761904761904762,0.9647058823529412,0.9704142011834319,0.36923076923076925,369.2307692307692,0.02197802197802198,0.14065934065934066,0.6681318681318681
0.498,164,4,6,281,0.9761904761904762,0.9647058823529412,0.9704142011834319,0.36923076923076925,369.2307692307692,0.02197802197802198,0.14065934065934066,0.6681318681318681
0.499,164,4,6,281,0.9761904761904762,0.9647058823529412,0.9704142011834319,0.36923076923076925,369.2307692307692,0.02197802197802198,0.14065934065934066,0.6681318681318681
0.5,164,4,6,281,0.9761904761904762,0.9647058823529412,0.9704142011834319,0.36923076923076925,369.2307692307692,0.02197802197802198,0.14065934065934066,0.6681318681318681
0.501,164,4,6,281,0.9761904761904762,0.9647058823529412,0.9704142011834319,0.36923076923076925,369.2307692307692,0.02197802197802198,0.14065934065934066,0.6681318681318681
0.502,164,4,6,281,0.9761904761904762,0.9647058823529412,0.9704142011834319,0.36923076923076925,369.2307692307692,0.02197802197802198,0.14065934065934066,0.6681318681318681
0.503,164,4,6,281,0.9761904761904762,0.9647058823529412,0.9704142011834319,0.36923076923076925,369.2307692307692,0.02197802197802198,0.14065934065934066,0.6681318681318681
0.504,164,4,6,281,0.9761904761904762,0.9647058823529412,0.9704142011834319,0.36923076923076925,369.2307692307692,0.02197802197802198,0.14065934065934066,0.6681318681318681
0.505,164,4,6,281,0.9761904761904762,0.9647058823529412,0.9704142011834319,0.36923076923076925,369.2307692307692,0.02197802197802198,0.14065934065934066,0.6681318681318681
0.506,164,4,6,281,0.9761904761904762,0.9647058823529412,0.9704142011834319,0.36923076923076925,369.2307692307692,0.02197802197802198,0.14065934065934066,0.6681318681318681
0.507,164,4,6,281,0.9761904761904762,0.9647058823529412,0.9704142011834319,0.36923076923076925,369.2307692307692,0.02197802197802198,0.14065934065934066,0.6681318681318681
0.508,164,4,6,281,0.9761904761904762,0.9647058823529412,0.9704142011834319,0.36923076923076925,369.2307692307692,0.02197802197802198,0.14065934065934066,0.6681318681318681
0.509,164,4,6,281,0.9761904761904762,0.9647058823529412,0.9704142011834319,0.36923076923076925,369.2307692307692,0.02197802197802198,0.14065934065934066,0.6681318681318681
0.51,164,4,6,281,0.9761904761904762,0.9647058823529412,0.9704142011834319,0.36923076923076925,369.2307692307692,0.02197802197802198,0.14065934065934066,0.6681318681318681
0.511,163,4,7,281,0.9760479041916168,0.9588235294117647,0.967359050445104,0.367032967032967,367.032967032967,0.024175824175824177,0.16263736263736264,0.778021978021978
0.512,163,4,7,281,0.9760479041916168,0.9588235294117647,0.967359050445104,0.367032967032967,367.032967032967,0.024175824175824177,0.16263736263736264,0.778021978021978
0.513,163,4,7,281,0.9760479041916168,0.9588235294117647,0.967359050445104,0.367032967032967,367.032967032967,0.024175824175824177,0.16263736263736264,0.778021978021978
0.514,163,4,7,281,0.9760479041916168,0.9588235294117647,0.967359050445104,0.367032967032967,367.032967032967,0.024175824175824177,0.16263736263736264,0.778021978021978
0.515,163,4,7,281,0.9760479041916168,0.9588235294117647,0.967359050445104,0.367032967032967,367.032967032967,0.024175824175824177,0.16263736263736264,0.778021978021978
0.516,163,4,7,281,0.9760479041916168,0.9588235294117647,0.967359050445104,0.367032967032967,367.032967032967,0.024175824175824177,0.16263736263736264,0.778021978021978
0.517,163,4,7,281,0.9760479041916168,0.9588235294117647,0.967359050445104,0.367032967032967,367.032967032967,0.024175824175824177,0.16263736263736264,0.778021978021978
0.518,163,4,7,281,0.9760479041916168,0.9588235294117647,0.967359050445104,0.367032967032967,367.032967032967,0.024175824175824177,0.16263736263736264,0.778021978021978
0.519,163,4,7,281,0.9760479041916168,0.9588235294117647,0.967359050445104,0.367032967032967,367.032967032967,0.024175824175824177,0.16263736263736264,0.778021978021978
0.52,163,4,7,281,0.9760479041916168,0.9588235294117647,0.967359050445104,0.367032967032967,367.032967032967,0.024175824175824177,0.16263736263736264,0.778021978021978
0.521,163,4,7,281,0.9760479041916168,0.9588235294117647,0.967359050445104,0.367032967032967,367.032967032967,0.024175824175824177,0.16263736263736264,0.778021978021978
0.522,163,4,7,281,0.9760479041916168,0.9588235294117647,0.967359050445104,0.367032967032967,367.032967032967,0.024175824175824177,0.16263736263736264,0.778021978021978
0.523,163,4,7,281,0.9760479041916168,0.9588235294117647,0.967359050445104,0.367032967032967,367.032967032967,0.024175824175824177,0.16263736263736264,0.778021978021978
0.524,163,4,7,281,0.9760479041916168,0.9588235294117647,0.967359050445104,0.367032967032967,367.032967032967,0.024175824175824177,0.16263736263736264,0.778021978021978
0.525,163,4,7,281,0.9760479041916168,0.9588235294117647,0.967359050445104,0.367032967032967,367.032967032967,0.024175824175824177,0.16263736263736264,0.778021978021978
0.526,163,4,7,281,0.9760479041916168,0.9588235294117647,0.967359050445104,0.367032967032967,367.032967032967,0.024175824175824177,0.16263736263736264,0.778021978021978
0.527,163,4,7,281,0.9760479041916168,0.9588235294117647,0.967359050445104,0.367032967032967,367.032967032967,0.024175824175824177,0.16263736263736264,0.778021978021978
0.528,163,4,7,281,0.9760479041916168,0.9588235294117647,0.967359050445104,0.367032967032967,367.032967032967,0.024175824175824177,0.16263736263736264,0.778021978021978
0.529,163,4,7,281,0.9760479041916168,0.9588235294117647,0.967359050445104,0.367032967032967,367.032967032967,0.024175824175824177,0.16263736263736264,0.778021978021978
0.53,163,4,7,281,0.9760479041916168,0.9588235294117647,0.967359050445104,0.367032967032967,367.032967032967,0.024175824175824177,0.16263736263736264,0.778021978021978
0.531,163,4,7,281,0.9760479041916168,0.9588235294117647,0.967359050445104,0.367032967032967,367.032967032967,0.024175824175824177,0.16263736263736264,0.778021978021978
0.532,163,4,7,281,0.9760479041916168,0.9588235294117647,0.967359050445104,0.367032967032967,367.032967032967,0.024175824175824177,0.16263736263736264,0.778021978021978
0.533,163,4,7,281,0.9760479041916168,0.9588235294117647,0.967359050445104,0.367032967032967,367.032967032967,0.024175824175824177,0.16263736263736264,0.778021978021978
0.534,163,4,7,281,0.9760479041916168,0.9588235294117647,0.967359050445104,0.367032967032967,367.032967032967,0.024175824175824177,0.16263736263736264,0.778021978021978
0.535,163,4,7,281,0.9760479041916168,0.9588235294117647,0.967359050445104,0.367032967032967,367.032967032967,0.024175824175824177,0.16263736263736264,0.778021978021978
0.536,163,4,7,281,0.9760479041916168,0.9588235294117647,0.967359050445104,0.367032967032967,367.032967032967,0.024175824175824177,0.16263736263736264,0.778021978021978
0.537,163,4,7,281,0.9760479041916168,0.9588235294117647,0.967359050445104,0.367032967032967,367.032967032967,0.024175824175824177,0.16263736263736264,0.778021978021978
0.538,163,4,7,281,0.9760479041916168,0.9588235294117647,0.967359050445104,0.367032967032967,367.032967032967,0.024175824175824177,0.16263736263736264,0.778021978021978
0.539,163,4,7,281,0.9760479041916168,0.9588235294117647,0.967359050445104,0.367032967032967,367.032967032967,0.024175824175824177,0.16263736263736264,0.778021978021978
0.54,163,4,7,281,0.9760479041916168,0.9588235294117647,0.967359050445104,0.367032967032967,367.032967032967,0.024175824175824177,0.16263736263736264,0.778021978021978
0.541,162,4,8,281,0.9759036144578314,0.9529411764705882,0.9642857142857143,0.3648351648351648,364.8351648351648,0.026373626373626374,0.18461538461538463,0.8879120879120879
0.542,162,4,8,281,0.9759036144578314,0.9529411764705882,0.9642857142857143,0.3648351648351648,364.8351648351648,0.026373626373626374,0.18461538461538463,0.8879120879120879
0.543,162,4,8,281,0.9759036144578314,0.9529411764705882,0.9642857142857143,0.3648351648351648,364.8351648351648,0.026373626373626374,0.18461538461538463,0.8879120879120879
0.544,162,4,8,281,0.9759036144578314,0.9529411764705882,0.9642857142857143,0.3648351648351648,364.8351648351648,0.026373626373626374,0.18461538461538463,0.8879120879120879
0.545,162,4,8,281,0.9759036144578314,0.9529411764705882,0.9642857142857143,0.3648351648351648,364.8351648351648,0.026373626373626374,0.18461538461538463,0.8879120879120879
0.546,162,4,8,281,0.9759036144578314,0.9529411764705882,0.9642857142857143,0.3648351648351648,364.8351648351648,0.026373626373626374,0.18461538461538463,0.8879120879120879
0.547,162,3,8,282,0.9818181818181818,0.9529411764705882,0.9671641791044776,0.3626373626373626,362.6373626373626,0.024175824175824177,0.1824175824175824,0.8857142857142857
0.548,162,3,8,282,0.9818181818181818,0.9529411764705882,0.9671641791044776,0.3626373626373626,362.6373626373626,0.024175824175824177,0.1824175824175824,0.8857142857142857
0.549,162,3,8,282,0.9818181818181818,0.9529411764705882,0.9671641791044776,0.3626373626373626,362.6373626373626,0.024175824175824177,0.1824175824175824,0.8857142857142857
0.55,162,3,8,282,0.9818181818181818,0.9529411764705882,0.9671641791044776,0.3626373626373626,362.6373626373626,0.024175824175824177,0.1824175824175824,0.8857142857142857
0.551,162,2,8,283,0.9878048780487805,0.9529411764705882,0.9700598802395209,0.36043956043956044,360.4395604395604,0.02197802197802198,0.18021978021978022,0.8835164835164835
0.552,162,2,8,283,0.9878048780487805,0.9529411764705882,0.9700598802395209,0.36043956043956044,360.4395604395604,0.02197802197802198,0.18021978021978022,0.8835164835164835
0.553,162,2,8,283,0.9878048780487805,0.9529411764705882,0.9700598802395209,0.36043956043956044,360.4395604395604,0.02197802197802198,0.18021978021978022,0.8835164835164835
0.554,162,2,8,283,0.9878048780487805,0.9529411764705882,0.9700598802395209,0.36043956043956044,360.4395604395604,0.02197802197802198,0.18021978021978022,0.8835164835164835
0.555,162,2,8,283,0.9878048780487805,0.9529411764705882,0.9700598802395209,0.36043956043956044,360.4395604395604,0.02197802197802198,0.18021978021978022,0.8835164835164835
0.556,161,2,9,283,0.9877300613496932,0.9470588235294117,0.966966966966967,0.35824175824175825,358.24175824175825,0.024175824175824177,0.2021978021978022,0.9934065934065934
0.557,161,2,9,283,0.9877300613496932,0.9470588235294117,0.966966966966967,0.35824175824175825,358.24175824175825,0.024175824175824177,0.2021978021978022,0.9934065934065934
0.558,161,2,9,283,0.9877300613496932,0.9470588235294117,0.966966966966967,0.35824175824175825,358.24175824175825,0.024175824175824177,0.2021978021978022,0.9934065934065934
0.559,161,2,9,283,0.9877300613496932,0.9470588235294117,0.966966966966967,0.35824175824175825,358.24175824175825,0.024175824175824177,0.2021978021978022,0.9934065934065934
0.56,161,2,9,283,0.9877300613496932,0.9470588235294117,0.966966966966967,0.35824175824175825,358.24175824175825,0.024175824175824177,0.2021978021978022,0.9934065934065934
0.561,161,2,9,283,0.9877300613496932,0.9470588235294117,0.966966966966967,0.35824175824175825,358.24175824175825,0.024175824175824177,0.2021978021978022,0.9934065934065934
0.562,161,2,9,283,0.9877300613496932,0.9470588235294117,0.966966966966967,0.35824175824175825,358.24175824175825,0.024175824175824177,0.2021978021978022,0.9934065934065934
0.5630000000000001,161,2,9,283,0.9877300613496932,0.9470588235294117,0.966966966966967,0.35824175824175825,358.24175824175825,0.024175824175824177,0.2021978021978022,0.9934065934065934
0.5640000000000001,161,2,9,283,0.9877300613496932,0.9470588235294117,0.966966966966967,0.35824175824175825,358.24175824175825,0.024175824175824177,0.2021978021978022,0.9934065934065934
0.5650000000000001,161,2,9,283,0.9877300613496932,0.9470588235294117,0.966966966966967,0.35824175824175825,358.24175824175825,0.024175824175824177,0.2021978021978022,0.9934065934065934
0.5660000000000001,161,2,9,283,0.9877300613496932,0.9470588235294117,0.966966966966967,0.35824175824175825,358.24175824175825,0.024175824175824177,0.2021978021978022,0.9934065934065934
0.5670000000000001,161,2,9,283,0.9877300613496932,0.9470588235294117,0.966966966966967,0.35824175824175825,358.24175824175825,0.024175824175824177,0.2021978021978022,0.9934065934065934
0.5680000000000001,161,2,9,283,0.9877300613496932,0.9470588235294117,0.966966966966967,0.35824175824175825,358.24175824175825,0.024175824175824177,0.2021978021978022,0.9934065934065934
0.5690000000000001,161,2,9,283,0.9877300613496932,0.9470588235294117,0.966966966966967,0.35824175824175825,358.24175824175825,0.024175824175824177,0.2021978021978022,0.9934065934065934
0.5700000000000001,161,2,9,283,0.9877300613496932,0.9470588235294117,0.966966966966967,0.35824175824175825,358.24175824175825,0.024175824175824177,0.2021978021978022,0.9934065934065934
0.5710000000000001,161,2,9,283,0.9877300613496932,0.9470588235294117,0.966966966966967,0.35824175824175825,358.24175824175825,0.024175824175824177,0.2021978021978022,0.9934065934065934
0.5720000000000001,161,2,9,283,0.9877300613496932,0.9470588235294117,0.966966966966967,0.35824175824175825,358.24175824175825,0.024175824175824177,0.2021978021978022,0.9934065934065934
0.5730000000000001,160,2,10,283,0.9876543209876543,0.9411764705882353,0.963855421686747,0.35604395604395606,356.04395604395603,0.026373626373626374,0.22417582417582418,1.1032967032967034
0.5740000000000001,160,2,10,283,0.9876543209876543,0.9411764705882353,0.963855421686747,0.35604395604395606,356.04395604395603,0.026373626373626374,0.22417582417582418,1.1032967032967034
0.5750000000000001,160,2,10,283,0.9876543209876543,0.9411764705882353,0.963855421686747,0.35604395604395606,356.04395604395603,0.026373626373626374,0.22417582417582418,1.1032967032967034
0.5760000000000001,160,2,10,283,0.9876543209876543,0.9411764705882353,0.963855421686747,0.35604395604395606,356.04395604395603,0.026373626373626374,0.22417582417582418,1.1032967032967034
0.5770000000000001,160,2,10,283,0.9876543209876543,0.9411764705882353,0.963855421686747,0.35604395604395606,356.04395604395603,0.026373626373626374,0.22417582417582418,1.1032967032967034
0.578,160,2,10,283,0.9876543209876543,0.9411764705882353,0.963855421686747,0.35604395604395606,356.04395604395603,0.026373626373626374,0.22417582417582418,1.1032967032967034
0.579,160,2,10,283,0.9876543209876543,0.9411764705882353,0.963855421686747,0.35604395604395606,356.04395604395603,0.026373626373626374,0.22417582417582418,1.1032967032967034
0.58,160,2,10,283,0.9876543209876543,0.9411764705882353,0.963855421686747,0.35604395604395606,356.04395604395603,0.026373626373626374,0.22417582417582418,1.1032967032967034
0.581,160,2,10,283,0.9876543209876543,0.9411764705882353,0.963855421686747,0.35604395604395606,356.04395604395603,0.026373626373626374,0.22417582417582418,1.1032967032967034
0.582,160,2,10,283,0.9876543209876543,0.9411764705882353,0.963855421686747,0.35604395604395606,356.04395604395603,0.026373626373626374,0.22417582417582418,1.1032967032967034
0.583,160,2,10,283,0.9876543209876543,0.9411764705882353,0.963855421686747,0.35604395604395606,356.04395604395603,0.026373626373626374,0.22417582417582418,1.1032967032967034
0.584,160,2,10,283,0.9876543209876543,0.9411764705882353,0.963855421686747,0.35604395604395606,356.04395604395603,0.026373626373626374,0.22417582417582418,1.1032967032967034
0.585,160,2,10,283,0.9876543209876543,0.9411764705882353,0.963855421686747,0.35604395604395606,356.04395604395603,0.026373626373626374,0.22417582417582418,1.1032967032967034
0.586,160,2,10,283,0.9876543209876543,0.9411764705882353,0.963855421686747,0.35604395604395606,356.04395604395603,0.026373626373626374,0.22417582417582418,1.1032967032967034
0.587,160,2,10,283,0.9876543209876543,0.9411764705882353,0.963855421686747,0.35604395604395606,356.04395604395603,0.026373626373626374,0.22417582417582418,1.1032967032967034
0.588,160,2,10,283,0.9876543209876543,0.9411764705882353,0.963855421686747,0.35604395604395606,356.04395604395603,0.026373626373626374,0.22417582417582418,1.1032967032967034
0.589,160,2,10,283,0.9876543209876543,0.9411764705882353,0.963855421686747,0.35604395604395606,356.04395604395603,0.026373626373626374,0.22417582417582418,1.1032967032967034
0.59,160,2,10,283,0.9876543209876543,0.9411764705882353,0.963855421686747,0.35604395604395606,356.04395604395603,0.026373626373626374,0.22417582417582418,1.1032967032967034
0.591,160,2,10,283,0.9876543209876543,0.9411764705882353,0.963855421686747,0.35604395604395606,356.04395604395603,0.026373626373626374,0.22417582417582418,1.1032967032967034
0.592,160,2,10,283,0.9876543209876543,0.9411764705882353,0.963855421686747,0.35604395604395606,356.04395604395603,0.026373626373626374,0.22417582417582418,1.1032967032967034
0.593,160,2,10,283,0.9876543209876543,0.9411764705882353,0.963855421686747,0.35604395604395606,356.04395604395603,0.026373626373626374,0.22417582417582418,1.1032967032967034
0.594,160,2,10,283,0.9876543209876543,0.9411764705882353,0.963855421686747,0.35604395604395606,356.04395604395603,0.026373626373626374,0.22417582417582418,1.1032967032967034
0.595,160,2,10,283,0.9876543209876543,0.9411764705882353,0.963855421686747,0.35604395604395606,356.04395604395603,0.026373626373626374,0.22417582417582418,1.1032967032967034
0.596,160,2,10,283,0.9876543209876543,0.9411764705882353,0.963855421686747,0.35604395604395606,356.04395604395603,0.026373626373626374,0.22417582417582418,1.1032967032967034
0.597,160,2,10,283,0.9876543209876543,0.9411764705882353,0.963855421686747,0.35604395604395606,356.04395604395603,0.026373626373626374,0.22417582417582418,1.1032967032967034
0.598,160,2,10,283,0.9876543209876543,0.9411764705882353,0.963855421686747,0.35604395604395606,356.04395604395603,0.026373626373626374,0.22417582417582418,1.1032967032967034
0.599,160,2,10,283,0.9876543209876543,0.9411764705882353,0.963855421686747,0.35604395604395606,356.04395604395603,0.026373626373626374,0.22417582417582418,1.1032967032967034
0.6,160,2,10,283,0.9876543209876543,0.9411764705882353,0.963855421686747,0.35604395604395606,356.04395604395603,0.026373626373626374,0.22417582417582418,1.1032967032967034
0.601,160,2,10,283,0.9876543209876543,0.9411764705882353,0.963855421686747,0.35604395604395606,356.04395604395603,0.026373626373626374,0.22417582417582418,1.1032967032967034
0.602,160,2,10,283,0.9876543209876543,0.9411764705882353,0.963855421686747,0.35604395604395606,356.04395604395603,0.026373626373626374,0.22417582417582418,1.1032967032967034
0.603,160,2,10,283,0.9876543209876543,0.9411764705882353,0.963855421686747,0.35604395604395606,356.04395604395603,0.026373626373626374,0.22417582417582418,1.1032967032967034
0.604,160,2,10,283,0.9876543209876543,0.9411764705882353,0.963855421686747,0.35604395604395606,356.04395604395603,0.026373626373626374,0.22417582417582418,1.1032967032967034
0.605,160,2,10,283,0.9876543209876543,0.9411764705882353,0.963855421686747,0.35604395604395606,356.04395604395603,0.026373626373626374,0.22417582417582418,1.1032967032967034
0.606,160,2,10,283,0.9876543209876543,0.9411764705882353,0.963855421686747,0.35604395604395606,356.04395604395603,0.026373626373626374,0.22417582417582418,1.1032967032967034
0.607,160,2,10,283,0.9876543209876543,0.9411764705882353,0.963855421686747,0.35604395604395606,356.04395604395603,0.026373626373626374,0.22417582417582418,1.1032967032967034
0.608,160,2,10,283,0.9876543209876543,0.9411764705882353,0.963855421686747,0.35604395604395606,356.04395604395603,0.026373626373626374,0.22417582417582418,1.1032967032967034
0.609,160,2,10,283,0.9876543209876543,0.9411764705882353,0.963855421686747,0.35604395604395606,356.04395604395603,0.026373626373626374,0.22417582417582418,1.1032967032967034
0.61,160,2,10,283,0.9876543209876543,0.9411764705882353,0.963855421686747,0.35604395604395606,356.04395604395603,0.026373626373626374,0.22417582417582418,1.1032967032967034
0.611,159,2,11,283,0.9875776397515528,0.9352941176470588,0.9607250755287009,0.35384615384615387,353.84615384615387,0.02857142857142857,0.24615384615384617,1.213186813186813
0.612,159,2,11,283,0.9875776397515528,0.9352941176470588,0.9607250755287009,0.35384615384615387,353.84615384615387,0.02857142857142857,0.24615384615384617,1.213186813186813
0.613,159,2,11,283,0.9875776397515528,0.9352941176470588,0.9607250755287009,0.35384615384615387,353.84615384615387,0.02857142857142857,0.24615384615384617,1.213186813186813
0.614,159,2,11,283,0.9875776397515528,0.9352941176470588,0.9607250755287009,0.35384615384615387,353.84615384615387,0.02857142857142857,0.24615384615384617,1.213186813186813
0.615,159,2,11,283,0.9875776397515528,0.9352941176470588,0.9607250755287009,0.35384615384615387,353.84615384615387,0.02857142857142857,0.24615384615384617,1.213186813186813
0.616,159,2,11,283,0.9875776397515528,0.9352941176470588,0.9607250755287009,0.35384615384615387,353.84615384615387,0.02857142857142857,0.24615384615384617,1.213186813186813
0.617,159,2,11,283,0.9875776397515528,0.9352941176470588,0.9607250755287009,0.35384615384615387,353.84615384615387,0.02857142857142857,0.24615384615384617,1.213186813186813
0.618,159,2,11,283,0.9875776397515528,0.9352941176470588,0.9607250755287009,0.35384615384615387,353.84615384615387,0.02857142857142857,0.24615384615384617,1.213186813186813
0.619,159,2,11,283,0.9875776397515528,0.9352941176470588,0.9607250755287009,0.35384615384615387,353.84615384615387,0.02857142857142857,0.24615384615384617,1.213186813186813
0.62,159,2,11,283,0.9875776397515528,0.9352941176470588,0.9607250755287009,0.35384615384615387,353.84615384615387,0.02857142857142857,0.24615384615384617,1.213186813186813
0.621,159,2,11,283,0.9875776397515528,0.9352941176470588,0.9607250755287009,0.35384615384615387,353.84615384615387,0.02857142857142857,0.24615384615384617,1.213186813186813
0.622,159,2,11,283,0.9875776397515528,0.9352941176470588,0.9607250755287009,0.35384615384615387,353.84615384615387,0.02857142857142857,0.24615384615384617,1.213186813186813
0.623,159,2,11,283,0.9875776397515528,0.9352941176470588,0.9607250755287009,0.35384615384615387,353.84615384615387,0.02857142857142857,0.24615384615384617,1.213186813186813
0.624,159,2,11,283,0.9875776397515528,0.9352941176470588,0.9607250755287009,0.35384615384615387,353.84615384615387,0.02857142857142857,0.24615384615384617,1.213186813186813
0.625,159,2,11,283,0.9875776397515528,0.9352941176470588,0.9607250755287009,0.35384615384615387,353.84615384615387,0.02857142857142857,0.24615384615384617,1.213186813186813
0.626,159,2,11,283,0.9875776397515528,0.9352941176470588,0.9607250755287009,0.35384615384615387,353.84615384615387,0.02857142857142857,0.24615384615384617,1.213186813186813
0.627,159,2,11,283,0.9875776397515528,0.9352941176470588,0.9607250755287009,0.35384615384615387,353.84615384615387,0.02857142857142857,0.24615384615384617,1.213186813186813
0.628,159,2,11,283,0.9875776397515528,0.9352941176470588,0.9607250755287009,0.35384615384615387,353.84615384615387,0.02857142857142857,0.24615384615384617,1.213186813186813
0.629,159,2,11,283,0.9875776397515528,0.9352941176470588,0.9607250755287009,0.35384615384615387,353.84615384615387,0.02857142857142857,0.24615384615384617,1.213186813186813
0.63,159,2,11,283,0.9875776397515528,0.9352941176470588,0.9607250755287009,0.35384615384615387,353.84615384615387,0.02857142857142857,0.24615384615384617,1.213186813186813
0.631,159,2,11,283,0.9875776397515528,0.9352941176470588,0.9607250755287009,0.35384615384615387,353.84615384615387,0.02857142857142857,0.24615384615384617,1.213186813186813
0.632,159,2,11,283,0.9875776397515528,0.9352941176470588,0.9607250755287009,0.35384615384615387,353.84615384615387,0.02857142857142857,0.24615384615384617,1.213186813186813
0.633,159,2,11,283,0.9875776397515528,0.9352941176470588,0.9607250755287009,0.35384615384615387,353.84615384615387,0.02857142857142857,0.24615384615384617,1.213186813186813
0.634,159,2,11,283,0.9875776397515528,0.9352941176470588,0.9607250755287009,0.35384615384615387,353.84615384615387,0.02857142857142857,0.24615384615384617,1.213186813186813
0.635,159,2,11,283,0.9875776397515528,0.9352941176470588,0.9607250755287009,0.35384615384615387,353.84615384615387,0.02857142857142857,0.24615384615384617,1.213186813186813
0.636,159,2,11,283,0.9875776397515528,0.9352941176470588,0.9607250755287009,0.35384615384615387,353.84615384615387,0.02857142857142857,0.24615384615384617,1.213186813186813
0.637,159,2,11,283,0.9875776397515528,0.9352941176470588,0.9607250755287009,0.35384615384615387,353.84615384615387,0.02857142857142857,0.24615384615384617,1.213186813186813
0.638,159,2,11,283,0.9875776397515528,0.9352941176470588,0.9607250755287009,0.35384615384615387,353.84615384615387,0.02857142857142857,0.24615384615384617,1.213186813186813
0.639,159,2,11,283,0.9875776397515528,0.9352941176470588,0.9607250755287009,0.35384615384615387,353.84615384615387,0.02857142857142857,0.24615384615384617,1.213186813186813
0.64,159,2,11,283,0.9875776397515528,0.9352941176470588,0.9607250755287009,0.35384615384615387,353.84615384615387,0.02857142857142857,0.24615384615384617,1.213186813186813
0.641,158,2,12,283,0.9875,0.9294117647058824,0.9575757575757576,0.3516483516483517,351.64835164835165,0.03076923076923077,0.2681318681318681,1.323076923076923
0.642,158,2,12,283,0.9875,0.9294117647058824,0.9575757575757576,0.3516483516483517,351.64835164835165,0.03076923076923077,0.2681318681318681,1.323076923076923
0.643,158,2,12,283,0.9875,0.9294117647058824,0.9575757575757576,0.3516483516483517,351.64835164835165,0.03076923076923077,0.2681318681318681,1.323076923076923
0.644,158,2,12,283,0.9875,0.9294117647058824,0.9575757575757576,0.3516483516483517,351.64835164835165,0.03076923076923077,0.2681318681318681,1.323076923076923
0.645,158,2,12,283,0.9875,0.9294117647058824,0.9575757575757576,0.3516483516483517,351.64835164835165,0.03076923076923077,0.2681318681318681,1.323076923076923
0.646,158,2,12,283,0.9875,0.9294117647058824,0.9575757575757576,0.3516483516483517,351.64835164835165,0.03076923076923077,0.2681318681318681,1.323076923076923
0.647,158,2,12,283,0.9875,0.9294117647058824,0.9575757575757576,0.3516483516483517,351.64835164835165,0.03076923076923077,0.2681318681318681,1.323076923076923
0.648,158,1,12,284,0.9937106918238994,0.9294117647058824,0.9604863221884499,0.34945054945054943,349.45054945054943,0.02857142857142857,0.26593406593406593,1.3208791208791208
0.649,158,1,12,284,0.9937106918238994,0.9294117647058824,0.9604863221884499,0.34945054945054943,349.45054945054943,0.02857142857142857,0.26593406593406593,1.3208791208791208
0.65,158,1,12,284,0.9937106918238994,0.9294117647058824,0.9604863221884499,0.34945054945054943,349.45054945054943,0.02857142857142857,0.26593406593406593,1.3208791208791208
0.651,158,1,12,284,0.9937106918238994,0.9294117647058824,0.9604863221884499,0.34945054945054943,349.45054945054943,0.02857142857142857,0.26593406593406593,1.3208791208791208
0.652,158,1,12,284,0.9937106918238994,0.9294117647058824,0.9604863221884499,0.34945054945054943,349.45054945054943,0.02857142857142857,0.26593406593406593,1.3208791208791208
0.653,158,1,12,284,0.9937106918238994,0.9294117647058824,0.9604863221884499,0.34945054945054943,349.45054945054943,0.02857142857142857,0.26593406593406593,1.3208791208791208
0.654,158,1,12,284,0.9937106918238994,0.9294117647058824,0.9604863221884499,0.34945054945054943,349.45054945054943,0.02857142857142857,0.26593406593406593,1.3208791208791208
0.655,158,1,12,284,0.9937106918238994,0.9294117647058824,0.9604863221884499,0.34945054945054943,349.45054945054943,0.02857142857142857,0.26593406593406593,1.3208791208791208
0.656,158,1,12,284,0.9937106918238994,0.9294117647058824,0.9604863221884499,0.34945054945054943,349.45054945054943,0.02857142857142857,0.26593406593406593,1.3208791208791208
0.657,158,1,12,284,0.9937106918238994,0.9294117647058824,0.9604863221884499,0.34945054945054943,349.45054945054943,0.02857142857142857,0.26593406593406593,1.3208791208791208
0.658,158,1,12,284,0.9937106918238994,0.9294117647058824,0.9604863221884499,0.34945054945054943,349.45054945054943,0.02857142857142857,0.26593406593406593,1.3208791208791208
0.659,158,1,12,284,0.9937106918238994,0.9294117647058824,0.9604863221884499,0.34945054945054943,349.45054945054943,0.02857142857142857,0.26593406593406593,1.3208791208791208
0.66,158,1,12,284,0.9937106918238994,0.9294117647058824,0.9604863221884499,0.34945054945054943,349.45054945054943,0.02857142857142857,0.26593406593406593,1.3208791208791208
0.661,158,1,12,284,0.9937106918238994,0.9294117647058824,0.9604863221884499,0.34945054945054943,349.45054945054943,0.02857142857142857,0.26593406593406593,1.3208791208791208
0.662,158,1,12,284,0.9937106918238994,0.9294117647058824,0.9604863221884499,0.34945054945054943,349.45054945054943,0.02857142857142857,0.26593406593406593,1.3208791208791208
0.663,158,1,12,284,0.9937106918238994,0.9294117647058824,0.9604863221884499,0.34945054945054943,349.45054945054943,0.02857142857142857,0.26593406593406593,1.3208791208791208
0.664,158,1,12,284,0.9937106918238994,0.9294117647058824,0.9604863221884499,0.34945054945054943,349.45054945054943,0.02857142857142857,0.26593406593406593,1.3208791208791208
0.665,158,1,12,284,0.9937106918238994,0.9294117647058824,0.9604863221884499,0.34945054945054943,349.45054945054943,0.02857142857142857,0.26593406593406593,1.3208791208791208
0.666,158,1,12,284,0.9937106918238994,0.9294117647058824,0.9604863221884499,0.34945054945054943,349.45054945054943,0.02857142857142857,0.26593406593406593,1.3208791208791208
0.667,158,1,12,284,0.9937106918238994,0.9294117647058824,0.9604863221884499,0.34945054945054943,349.45054945054943,0.02857142857142857,0.26593406593406593,1.3208791208791208
0.668,158,1,12,284,0.9937106918238994,0.9294117647058824,0.9604863221884499,0.34945054945054943,349.45054945054943,0.02857142857142857,0.26593406593406593,1.3208791208791208
0.669,158,1,12,284,0.9937106918238994,0.9294117647058824,0.9604863221884499,0.34945054945054943,349.45054945054943,0.02857142857142857,0.26593406593406593,1.3208791208791208
0.67,158,1,12,284,0.9937106918238994,0.9294117647058824,0.9604863221884499,0.34945054945054943,349.45054945054943,0.02857142857142857,0.26593406593406593,1.3208791208791208
0.671,158,1,12,284,0.9937106918238994,0.9294117647058824,0.9604863221884499,0.34945054945054943,349.45054945054943,0.02857142857142857,0.26593406593406593,1.3208791208791208
0.672,158,1,12,284,0.9937106918238994,0.9294117647058824,0.9604863221884499,0.34945054945054943,349.45054945054943,0.02857142857142857,0.26593406593406593,1.3208791208791208
0.673,158,1,12,284,0.9937106918238994,0.9294117647058824,0.9604863221884499,0.34945054945054943,349.45054945054943,0.02857142857142857,0.26593406593406593,1.3208791208791208
0.674,158,1,12,284,0.9937106918238994,0.9294117647058824,0.9604863221884499,0.34945054945054943,349.45054945054943,0.02857142857142857,0.26593406593406593,1.3208791208791208
0.675,158,1,12,284,0.9937106918238994,0.9294117647058824,0.9604863221884499,0.34945054945054943,349.45054945054943,0.02857142857142857,0.26593406593406593,1.3208791208791208
0.676,158,1,12,284,0.9937106918238994,0.9294117647058824,0.9604863221884499,0.34945054945054943,349.45054945054943,0.02857142857142857,0.26593406593406593,1.3208791208791208
0.677,158,1,12,284,0.9937106918238994,0.9294117647058824,0.9604863221884499,0.34945054945054943,349.45054945054943,0.02857142857142857,0.26593406593406593,1.3208791208791208
0.678,157,1,13,284,0.9936708860759493,0.9235294117647059,0.9573170731707318,0.34725274725274724,347.2527472527472,0.03076923076923077,0.2879120879120879,1.4307692307692308
0.679,157,1,13,284,0.9936708860759493,0.9235294117647059,0.9573170731707318,0.34725274725274724,347.2527472527472,0.03076923076923077,0.2879120879120879,1.4307692307692308
0.68,157,1,13,284,0.9936708860759493,0.9235294117647059,0.9573170731707318,0.34725274725274724,347.2527472527472,0.03076923076923077,0.2879120879120879,1.4307692307692308
0.681,157,1,13,284,0.9936708860759493,0.9235294117647059,0.9573170731707318,0.34725274725274724,347.2527472527472,0.03076923076923077,0.2879120879120879,1.4307692307692308
0.682,157,1,13,284,0.9936708860759493,0.9235294117647059,0.9573170731707318,0.34725274725274724,347.2527472527472,0.03076923076923077,0.2879120879120879,1.4307692307692308
0.683,157,1,13,284,0.9936708860759493,0.9235294117647059,0.9573170731707318,0.34725274725274724,347.2527472527472,0.03076923076923077,0.2879120879120879,1.4307692307692308
0.684,157,1,13,284,0.9936708860759493,0.9235294117647059,0.9573170731707318,0.34725274725274724,347.2527472527472,0.03076923076923077,0.2879120879120879,1.4307692307692308
0.685,157,1,13,284,0.9936708860759493,0.9235294117647059,0.9573170731707318,0.34725274725274724,347.2527472527472,0.03076923076923077,0.2879120879120879,1.4307692307692308
0.686,157,1,13,284,0.9936708860759493,0.9235294117647059,0.9573170731707318,0.34725274725274724,347.2527472527472,0.03076923076923077,0.2879120879120879,1.4307692307692308
0.687,157,1,13,284,0.9936708860759493,0.9235294117647059,0.9573170731707318,0.34725274725274724,347.2527472527472,0.03076923076923077,0.2879120879120879,1.4307692307692308
0.6880000000000001,157,1,13,284,0.9936708860759493,0.9235294117647059,0.9573170731707318,0.34725274725274724,347.2527472527472,0.03076923076923077,0.2879120879120879,1.4307692307692308
0.6890000000000001,157,1,13,284,0.9936708860759493,0.9235294117647059,0.9573170731707318,0.34725274725274724,347.2527472527472,0.03076923076923077,0.2879120879120879,1.4307692307692308
0.6900000000000001,157,1,13,284,0.9936708860759493,0.9235294117647059,0.9573170731707318,0.34725274725274724,347.2527472527472,0.03076923076923077,0.2879120879120879,1.4307692307692308
0.6910000000000001,157,1,13,284,0.9936708860759493,0.9235294117647059,0.9573170731707318,0.34725274725274724,347.2527472527472,0.03076923076923077,0.2879120879120879,1.4307692307692308
0.6920000000000001,157,1,13,284,0.9936708860759493,0.9235294117647059,0.9573170731707318,0.34725274725274724,347.2527472527472,0.03076923076923077,0.2879120879120879,1.4307692307692308
0.6930000000000001,157,1,13,284,0.9936708860759493,0.9235294117647059,0.9573170731707318,0.34725274725274724,347.2527472527472,0.03076923076923077,0.2879120879120879,1.4307692307692308
0.6940000000000001,157,1,13,284,0.9936708860759493,0.9235294117647059,0.9573170731707318,0.34725274725274724,347.2527472527472,0.03076923076923077,0.2879120879120879,1.4307692307692308
0.6950000000000001,157,1,13,284,0.9936708860759493,0.9235294117647059,0.9573170731707318,0.34725274725274724,347.2527472527472,0.03076923076923077,0.2879120879120879,1.4307692307692308
0.6960000000000001,157,1,13,284,0.9936708860759493,0.9235294117647059,0.9573170731707318,0.34725274725274724,347.2527472527472,0.03076923076923077,0.2879120879120879,1.4307692307692308
0.6970000000000001,157,1,13,284,0.9936708860759493,0.9235294117647059,0.9573170731707318,0.34725274725274724,347.2527472527472,0.03076923076923077,0.2879120879120879,1.4307692307692308
0.6980000000000001,157,1,13,284,0.9936708860759493,0.9235294117647059,0.9573170731707318,0.34725274725274724,347.2527472527472,0.03076923076923077,0.2879120879120879,1.4307692307692308
0.6990000000000001,157,1,13,284,0.9936708860759493,0.9235294117647059,0.9573170731707318,0.34725274725274724,347.2527472527472,0.03076923076923077,0.2879120879120879,1.4307692307692308
0.7000000000000001,157,1,13,284,0.9936708860759493,0.9235294117647059,0.9573170731707318,0.34725274725274724,347.2527472527472,0.03076923076923077,0.2879120879120879,1.4307692307692308
0.7010000000000001,157,1,13,284,0.9936708860759493,0.9235294117647059,0.9573170731707318,0.34725274725274724,347.2527472527472,0.03076923076923077,0.2879120879120879,1.4307692307692308
0.7020000000000001,156,1,14,284,0.9936305732484076,0.9176470588235294,0.9541284403669724,0.34505494505494505,345.05494505494505,0.03296703296703297,0.3098901098901099,1.5406593406593407
0.7030000000000001,156,1,14,284,0.9936305732484076,0.9176470588235294,0.9541284403669724,0.34505494505494505,345.05494505494505,0.03296703296703297,0.3098901098901099,1.5406593406593407
0.7040000000000001,156,1,14,284,0.9936305732484076,0.9176470588235294,0.9541284403669724,0.34505494505494505,345.05494505494505,0.03296703296703297,0.3098901098901099,1.5406593406593407
0.705,156,1,14,284,0.9936305732484076,0.9176470588235294,0.9541284403669724,0.34505494505494505,345.05494505494505,0.03296703296703297,0.3098901098901099,1.5406593406593407
0.706,156,1,14,284,0.9936305732484076,0.9176470588235294,0.9541284403669724,0.34505494505494505,345.05494505494505,0.03296703296703297,0.3098901098901099,1.5406593406593407
0.707,156,1,14,284,0.9936305732484076,0.9176470588235294,0.9541284403669724,0.34505494505494505,345.05494505494505,0.03296703296703297,0.3098901098901099,1.5406593406593407
0.708,156,1,14,284,0.9936305732484076,0.9176470588235294,0.9541284403669724,0.34505494505494505,345.05494505494505,0.03296703296703297,0.3098901098901099,1.5406593406593407
0.709,156,1,14,284,0.9936305732484076,0.9176470588235294,0.9541284403669724,0.34505494505494505,345.05494505494505,0.03296703296703297,0.3098901098901099,1.5406593406593407
0.71,156,1,14,284,0.9936305732484076,0.9176470588235294,0.9541284403669724,0.34505494505494505,345.05494505494505,0.03296703296703297,0.3098901098901099,1.5406593406593407
0.711,156,1,14,284,0.9936305732484076,0.9176470588235294,0.9541284403669724,0.34505494505494505,345.05494505494505,0.03296703296703297,0.3098901098901099,1.5406593406593407
0.712,156,1,14,284,0.9936305732484076,0.9176470588235294,0.9541284403669724,0.34505494505494505,345.05494505494505,0.03296703296703297,0.3098901098901099,1.5406593406593407
0.713,156,1,14,284,0.9936305732484076,0.9176470588235294,0.9541284403669724,0.34505494505494505,345.05494505494505,0.03296703296703297,0.3098901098901099,1.5406593406593407
0.714,156,1,14,284,0.9936305732484076,0.9176470588235294,0.9541284403669724,0.34505494505494505,345.05494505494505,0.03296703296703297,0.3098901098901099,1.5406593406593407
0.715,156,1,14,284,0.9936305732484076,0.9176470588235294,0.9541284403669724,0.34505494505494505,345.05494505494505,0.03296703296703297,0.3098901098901099,1.5406593406593407
0.716,156,1,14,284,0.9936305732484076,0.9176470588235294,0.9541284403669724,0.34505494505494505,345.05494505494505,0.03296703296703297,0.3098901098901099,1.5406593406593407
0.717,156,1,14,284,0.9936305732484076,0.9176470588235294,0.9541284403669724,0.34505494505494505,345.05494505494505,0.03296703296703297,0.3098901098901099,1.5406593406593407
0.718,156,1,14,284,0.9936305732484076,0.9176470588235294,0.9541284403669724,0.34505494505494505,345.05494505494505,0.03296703296703297,0.3098901098901099,1.5406593406593407
0.719,155,1,15,284,0.9935897435897436,0.9117647058823529,0.9509202453987731,0.34285714285714286,342.85714285714283,0.035164835164835165,0.33186813186813185,1.6505494505494505
0.72,154,1,16,284,0.9935483870967742,0.9058823529411765,0.9476923076923077,0.34065934065934067,340.65934065934067,0.03736263736263736,0.35384615384615387,1.7604395604395604
0.721,154,1,16,284,0.9935483870967742,0.9058823529411765,0.9476923076923077,0.34065934065934067,340.65934065934067,0.03736263736263736,0.35384615384615387,1.7604395604395604
0.722,154,1,16,284,0.9935483870967742,0.9058823529411765,0.9476923076923077,0.34065934065934067,340.65934065934067,0.03736263736263736,0.35384615384615387,1.7604395604395604
0.723,154,1,16,284,0.9935483870967742,0.9058823529411765,0.9476923076923077,0.34065934065934067,340.65934065934067,0.03736263736263736,0.35384615384615387,1.7604395604395604
0.724,154,1,16,284,0.9935483870967742,0.9058823529411765,0.9476923076923077,0.34065934065934067,340.65934065934067,0.03736263736263736,0.35384615384615387,1.7604395604395604
0.725,154,1,16,284,0.9935483870967742,0.9058823529411765,0.9476923076923077,0.34065934065934067,340.65934065934067,0.03736263736263736,0.35384615384615387,1.7604395604395604
0.726,154,1,16,284,0.9935483870967742,0.9058823529411765,0.9476923076923077,0.34065934065934067,340.65934065934067,0.03736263736263736,0.35384615384615387,1.7604395604395604
0.727,154,1,16,284,0.9935483870967742,0.9058823529411765,0.9476923076923077,0.34065934065934067,340.65934065934067,0.03736263736263736,0.35384615384615387,1.7604395604395604
0.728,154,1,16,284,0.9935483870967742,0.9058823529411765,0.9476923076923077,0.34065934065934067,340.65934065934067,0.03736263736263736,0.35384615384615387,1.7604395604395604
0.729,154,1,16,284,0.9935483870967742,0.9058823529411765,0.9476923076923077,0.34065934065934067,340.65934065934067,0.03736263736263736,0.35384615384615387,1.7604395604395604
0.73,154,1,16,284,0.9935483870967742,0.9058823529411765,0.9476923076923077,0.34065934065934067,340.65934065934067,0.03736263736263736,0.35384615384615387,1.7604395604395604
0.731,154,1,16,284,0.9935483870967742,0.9058823529411765,0.9476923076923077,0.34065934065934067,340.65934065934067,0.03736263736263736,0.35384615384615387,1.7604395604395604
0.732,154,1,16,284,0.9935483870967742,0.9058823529411765,0.9476923076923077,0.34065934065934067,340.65934065934067,0.03736263736263736,0.35384615384615387,1.7604395604395604
0.733,154,1,16,284,0.9935483870967742,0.9058823529411765,0.9476923076923077,0.34065934065934067,340.65934065934067,0.03736263736263736,0.35384615384615387,1.7604395604395604
0.734,154,1,16,284,0.9935483870967742,0.9058823529411765,0.9476923076923077,0.34065934065934067,340.65934065934067,0.03736263736263736,0.35384615384615387,1.7604395604395604
0.735,154,1,16,284,0.9935483870967742,0.9058823529411765,0.9476923076923077,0.34065934065934067,340.65934065934067,0.03736263736263736,0.35384615384615387,1.7604395604395604
0.736,154,1,16,284,0.9935483870967742,0.9058823529411765,0.9476923076923077,0.34065934065934067,340.65934065934067,0.03736263736263736,0.35384615384615387,1.7604395604395604
0.737,154,1,16,284,0.9935483870967742,0.9058823529411765,0.9476923076923077,0.34065934065934067,340.65934065934067,0.03736263736263736,0.35384615384615387,1.7604395604395604
0.738,154,1,16,284,0.9935483870967742,0.9058823529411765,0.9476923076923077,0.34065934065934067,340.65934065934067,0.03736263736263736,0.35384615384615387,1.7604395604395604
0.739,154,1,16,284,0.9935483870967742,0.9058823529411765,0.9476923076923077,0.34065934065934067,340.65934065934067,0.03736263736263736,0.35384615384615387,1.7604395604395604
0.74,154,0,16,285,1.0,0.9058823529411765,0.9506172839506173,0.3384615384615385,338.46153846153845,0.035164835164835165,0.3516483516483517,1.7582417582417582
0.741,154,0,16,285,1.0,0.9058823529411765,0.9506172839506173,0.3384615384615385,338.46153846153845,0.035164835164835165,0.3516483516483517,1.7582417582417582
0.742,153,0,17,285,1.0,0.9,0.9473684210526316,0.3362637362637363,336.2637362637363,0.03736263736263736,0.37362637362637363,1.8681318681318682
0.743,152,0,18,285,1.0,0.8941176470588236,0.9440993788819877,0.33406593406593404,334.0659340659341,0.03956043956043956,0.3956043956043956,1.978021978021978
0.744,152,0,18,285,1.0,0.8941176470588236,0.9440993788819877,0.33406593406593404,334.0659340659341,0.03956043956043956,0.3956043956043956,1.978021978021978
0.745,152,0,18,285,1.0,0.8941176470588236,0.9440993788819877,0.33406593406593404,334.0659340659341,0.03956043956043956,0.3956043956043956,1.978021978021978
0.746,152,0,18,285,1.0,0.8941176470588236,0.9440993788819877,0.33406593406593404,334.0659340659341,0.03956043956043956,0.3956043956043956,1.978021978021978
0.747,152,0,18,285,1.0,0.8941176470588236,0.9440993788819877,0.33406593406593404,334.0659340659341,0.03956043956043956,0.3956043956043956,1.978021978021978
0.748,152,0,18,285,1.0,0.8941176470588236,0.9440993788819877,0.33406593406593404,334.0659340659341,0.03956043956043956,0.3956043956043956,1.978021978021978
0.749,152,0,18,285,1.0,0.8941176470588236,0.9440993788819877,0.33406593406593404,334.0659340659341,0.03956043956043956,0.3956043956043956,1.978021978021978
0.75,152,0,18,285,1.0,0.8941176470588236,0.9440993788819877,0.33406593406593404,334.0659340659341,0.03956043956043956,0.3956043956043956,1.978021978021978
0.751,152,0,18,285,1.0,0.8941176470588236,0.9440993788819877,0.33406593406593404,334.0659340659341,0.03956043956043956,0.3956043956043956,1.978021978021978
0.752,152,0,18,285,1.0,0.8941176470588236,0.9440993788819877,0.33406593406593404,334.0659340659341,0.03956043956043956,0.3956043956043956,1.978021978021978
0.753,152,0,18,285,1.0,0.8941176470588236,0.9440993788819877,0.33406593406593404,334.0659340659341,0.03956043956043956,0.3956043956043956,1.978021978021978
0.754,152,0,18,285,1.0,0.8941176470588236,0.9440993788819877,0.33406593406593404,334.0659340659341,0.03956043956043956,0.3956043956043956,1.978021978021978
0.755,152,0,18,285,1.0,0.8941176470588236,0.9440993788819877,0.33406593406593404,334.0659340659341,0.03956043956043956,0.3956043956043956,1.978021978021978
0.756,152,0,18,285,1.0,0.8941176470588236,0.9440993788819877,0.33406593406593404,334.0659340659341,0.03956043956043956,0.3956043956043956,1.978021978021978
0.757,152,0,18,285,1.0,0.8941176470588236,0.9440993788819877,0.33406593406593404,334.0659340659341,0.03956043956043956,0.3956043956043956,1.978021978021978
0.758,152,0,18,285,1.0,0.8941176470588236,0.9440993788819877,0.33406593406593404,334.0659340659341,0.03956043956043956,0.3956043956043956,1.978021978021978
0.759,152,0,18,285,1.0,0.8941176470588236,0.9440993788819877,0.33406593406593404,334.0659340659341,0.03956043956043956,0.3956043956043956,1.978021978021978
0.76,152,0,18,285,1.0,0.8941176470588236,0.9440993788819877,0.33406593406593404,334.0659340659341,0.03956043956043956,0.3956043956043956,1.978021978021978
0.761,152,0,18,285,1.0,0.8941176470588236,0.9440993788819877,0.33406593406593404,334.0659340659341,0.03956043956043956,0.3956043956043956,1.978021978021978
0.762,152,0,18,285,1.0,0.8941176470588236,0.9440993788819877,0.33406593406593404,334.0659340659341,0.03956043956043956,0.3956043956043956,1.978021978021978
0.763,152,0,18,285,1.0,0.8941176470588236,0.9440993788819877,0.33406593406593404,334.0659340659341,0.03956043956043956,0.3956043956043956,1.978021978021978
0.764,152,0,18,285,1.0,0.8941176470588236,0.9440993788819877,0.33406593406593404,334.0659340659341,0.03956043956043956,0.3956043956043956,1.978021978021978
0.765,152,0,18,285,1.0,0.8941176470588236,0.9440993788819877,0.33406593406593404,334.0659340659341,0.03956043956043956,0.3956043956043956,1.978021978021978
0.766,152,0,18,285,1.0,0.8941176470588236,0.9440993788819877,0.33406593406593404,334.0659340659341,0.03956043956043956,0.3956043956043956,1.978021978021978
0.767,152,0,18,285,1.0,0.8941176470588236,0.9440993788819877,0.33406593406593404,334.0659340659341,0.03956043956043956,0.3956043956043956,1.978021978021978
0.768,152,0,18,285,1.0,0.8941176470588236,0.9440993788819877,0.33406593406593404,334.0659340659341,0.03956043956043956,0.3956043956043956,1.978021978021978
0.769,152,0,18,285,1.0,0.8941176470588236,0.9440993788819877,0.33406593406593404,334.0659340659341,0.03956043956043956,0.3956043956043956,1.978021978021978
0.77,152,0,18,285,1.0,0.8941176470588236,0.9440993788819877,0.33406593406593404,334.0659340659341,0.03956043956043956,0.3956043956043956,1.978021978021978
0.771,152,0,18,285,1.0,0.8941176470588236,0.9440993788819877,0.33406593406593404,334.0659340659341,0.03956043956043956,0.3956043956043956,1.978021978021978
0.772,152,0,18,285,1.0,0.8941176470588236,0.9440993788819877,0.33406593406593404,334.0659340659341,0.03956043956043956,0.3956043956043956,1.978021978021978
0.773,152,0,18,285,1.0,0.8941176470588236,0.9440993788819877,0.33406593406593404,334.0659340659341,0.03956043956043956,0.3956043956043956,1.978021978021978
0.774,152,0,18,285,1.0,0.8941176470588236,0.9440993788819877,0.33406593406593404,334.0659340659341,0.03956043956043956,0.3956043956043956,1.978021978021978
0.775,152,0,18,285,1.0,0.8941176470588236,0.9440993788819877,0.33406593406593404,334.0659340659341,0.03956043956043956,0.3956043956043956,1.978021978021978
0.776,152,0,18,285,1.0,0.8941176470588236,0.9440993788819877,0.33406593406593404,334.0659340659341,0.03956043956043956,0.3956043956043956,1.978021978021978
0.777,152,0,18,285,1.0,0.8941176470588236,0.9440993788819877,0.33406593406593404,334.0659340659341,0.03956043956043956,0.3956043956043956,1.978021978021978
0.778,152,0,18,285,1.0,0.8941176470588236,0.9440993788819877,0.33406593406593404,334.0659340659341,0.03956043956043956,0.3956043956043956,1.978021978021978
0.779,151,0,19,285,1.0,0.888235294117647,0.940809968847352,0.33186813186813185,331.86813186813185,0.041758241758241756,0.4175824175824176,2.087912087912088
0.78,151,0,19,285,1.0,0.888235294117647,0.940809968847352,0.33186813186813185,331.86813186813185,0.041758241758241756,0.4175824175824176,2.087912087912088
0.781,151,0,19,285,1.0,0.888235294117647,0.940809968847352,0.33186813186813185,331.86813186813185,0.041758241758241756,0.4175824175824176,2.087912087912088
0.782,151,0,19,285,1.0,0.888235294117647,0.940809968847352,0.33186813186813185,331.86813186813185,0.041758241758241756,0.4175824175824176,2.087912087912088
0.783,151,0,19,285,1.0,0.888235294117647,0.940809968847352,0.33186813186813185,331.86813186813185,0.041758241758241756,0.4175824175824176,2.087912087912088
0.784,151,0,19,285,1.0,0.888235294117647,0.940809968847352,0.33186813186813185,331.86813186813185,0.041758241758241756,0.4175824175824176,2.087912087912088
0.785,151,0,19,285,1.0,0.888235294117647,0.940809968847352,0.33186813186813185,331.86813186813185,0.041758241758241756,0.4175824175824176,2.087912087912088
0.786,151,0,19,285,1.0,0.888235294117647,0.940809968847352,0.33186813186813185,331.86813186813185,0.041758241758241756,0.4175824175824176,2.087912087912088
0.787,151,0,19,285,1.0,0.888235294117647,0.940809968847352,0.33186813186813185,331.86813186813185,0.041758241758241756,0.4175824175824176,2.087912087912088
0.788,151,0,19,285,1.0,0.888235294117647,0.940809968847352,0.33186813186813185,331.86813186813185,0.041758241758241756,0.4175824175824176,2.087912087912088
0.789,151,0,19,285,1.0,0.888235294117647,0.940809968847352,0.33186813186813185,331.86813186813185,0.041758241758241756,0.4175824175824176,2.087912087912088
0.79,151,0,19,285,1.0,0.888235294117647,0.940809968847352,0.33186813186813185,331.86813186813185,0.041758241758241756,0.4175824175824176,2.087912087912088
0.791,151,0,19,285,1.0,0.888235294117647,0.940809968847352,0.33186813186813185,331.86813186813185,0.041758241758241756,0.4175824175824176,2.087912087912088
0.792,151,0,19,285,1.0,0.888235294117647,0.940809968847352,0.33186813186813185,331.86813186813185,0.041758241758241756,0.4175824175824176,2.087912087912088
0.793,151,0,19,285,1.0,0.888235294117647,0.940809968847352,0.33186813186813185,331.86813186813185,0.041758241758241756,0.4175824175824176,2.087912087912088
0.794,151,0,19,285,1.0,0.888235294117647,0.940809968847352,0.33186813186813185,331.86813186813185,0.041758241758241756,0.4175824175824176,2.087912087912088
0.795,151,0,19,285,1.0,0.888235294117647,0.940809968847352,0.33186813186813185,331.86813186813185,0.041758241758241756,0.4175824175824176,2.087912087912088
0.796,151,0,19,285,1.0,0.888235294117647,0.940809968847352,0.33186813186813185,331.86813186813185,0.041758241758241756,0.4175824175824176,2.087912087912088
0.797,151,0,19,285,1.0,0.888235294117647,0.940809968847352,0.33186813186813185,331.86813186813185,0.041758241758241756,0.4175824175824176,2.087912087912088
0.798,151,0,19,285,1.0,0.888235294117647,0.940809968847352,0.33186813186813185,331.86813186813185,0.041758241758241756,0.4175824175824176,2.087912087912088
0.799,151,0,19,285,1.0,0.888235294117647,0.940809968847352,0.33186813186813185,331.86813186813185,0.041758241758241756,0.4175824175824176,2.087912087912088
0.8,151,0,19,285,1.0,0.888235294117647,0.940809968847352,0.33186813186813185,331.86813186813185,0.041758241758241756,0.4175824175824176,2.087912087912088
0.801,151,0,19,285,1.0,0.888235294117647,0.940809968847352,0.33186813186813185,331.86813186813185,0.041758241758241756,0.4175824175824176,2.087912087912088
0.802,151,0,19,285,1.0,0.888235294117647,0.940809968847352,0.33186813186813185,331.86813186813185,0.041758241758241756,0.4175824175824176,2.087912087912088
0.803,151,0,19,285,1.0,0.888235294117647,0.940809968847352,0.33186813186813185,331.86813186813185,0.041758241758241756,0.4175824175824176,2.087912087912088
0.804,150,0,20,285,1.0,0.8823529411764706,0.9375,0.32967032967032966,329.6703296703297,0.04395604395604396,0.43956043956043955,2.197802197802198
0.805,150,0,20,285,1.0,0.8823529411764706,0.9375,0.32967032967032966,329.6703296703297,0.04395604395604396,0.43956043956043955,2.197802197802198
0.806,150,0,20,285,1.0,0.8823529411764706,0.9375,0.32967032967032966,329.6703296703297,0.04395604395604396,0.43956043956043955,2.197802197802198
0.807,150,0,20,285,1.0,0.8823529411764706,0.9375,0.32967032967032966,329.6703296703297,0.04395604395604396,0.43956043956043955,2.197802197802198
0.808,150,0,20,285,1.0,0.8823529411764706,0.9375,0.32967032967032966,329.6703296703297,0.04395604395604396,0.43956043956043955,2.197802197802198
0.809,150,0,20,285,1.0,0.8823529411764706,0.9375,0.32967032967032966,329.6703296703297,0.04395604395604396,0.43956043956043955,2.197802197802198
0.81,150,0,20,285,1.0,0.8823529411764706,0.9375,0.32967032967032966,329.6703296703297,0.04395604395604396,0.43956043956043955,2.197802197802198
0.811,150,0,20,285,1.0,0.8823529411764706,0.9375,0.32967032967032966,329.6703296703297,0.04395604395604396,0.43956043956043955,2.197802197802198
0.812,150,0,20,285,1.0,0.8823529411764706,0.9375,0.32967032967032966,329.6703296703297,0.04395604395604396,0.43956043956043955,2.197802197802198
0.8130000000000001,150,0,20,285,1.0,0.8823529411764706,0.9375,0.32967032967032966,329.6703296703297,0.04395604395604396,0.43956043956043955,2.197802197802198
0.8140000000000001,150,0,20,285,1.0,0.8823529411764706,0.9375,0.32967032967032966,329.6703296703297,0.04395604395604396,0.43956043956043955,2.197802197802198
0.8150000000000001,150,0,20,285,1.0,0.8823529411764706,0.9375,0.32967032967032966,329.6703296703297,0.04395604395604396,0.43956043956043955,2.197802197802198
0.8160000000000001,150,0,20,285,1.0,0.8823529411764706,0.9375,0.32967032967032966,329.6703296703297,0.04395604395604396,0.43956043956043955,2.197802197802198
0.8170000000000001,150,0,20,285,1.0,0.8823529411764706,0.9375,0.32967032967032966,329.6703296703297,0.04395604395604396,0.43956043956043955,2.197802197802198
0.8180000000000001,150,0,20,285,1.0,0.8823529411764706,0.9375,0.32967032967032966,329.6703296703297,0.04395604395604396,0.43956043956043955,2.197802197802198
0.8190000000000001,150,0,20,285,1.0,0.8823529411764706,0.9375,0.32967032967032966,329.6703296703297,0.04395604395604396,0.43956043956043955,2.197802197802198
0.8200000000000001,150,0,20,285,1.0,0.8823529411764706,0.9375,0.32967032967032966,329.6703296703297,0.04395604395604396,0.43956043956043955,2.197802197802198
0.8210000000000001,150,0,20,285,1.0,0.8823529411764706,0.9375,0.32967032967032966,329.6703296703297,0.04395604395604396,0.43956043956043955,2.197802197802198
0.8220000000000001,150,0,20,285,1.0,0.8823529411764706,0.9375,0.32967032967032966,329.6703296703297,0.04395604395604396,0.43956043956043955,2.197802197802198
0.8230000000000001,150,0,20,285,1.0,0.8823529411764706,0.9375,0.32967032967032966,329.6703296703297,0.04395604395604396,0.43956043956043955,2.197802197802198
0.8240000000000001,150,0,20,285,1.0,0.8823529411764706,0.9375,0.32967032967032966,329.6703296703297,0.04395604395604396,0.43956043956043955,2.197802197802198
0.8250000000000001,150,0,20,285,1.0,0.8823529411764706,0.9375,0.32967032967032966,329.6703296703297,0.04395604395604396,0.43956043956043955,2.197802197802198
0.8260000000000001,150,0,20,285,1.0,0.8823529411764706,0.9375,0.32967032967032966,329.6703296703297,0.04395604395604396,0.43956043956043955,2.197802197802198
0.8270000000000001,150,0,20,285,1.0,0.8823529411764706,0.9375,0.32967032967032966,329.6703296703297,0.04395604395604396,0.43956043956043955,2.197802197802198
0.8280000000000001,150,0,20,285,1.0,0.8823529411764706,0.9375,0.32967032967032966,329.6703296703297,0.04395604395604396,0.43956043956043955,2.197802197802198
0.8290000000000001,150,0,20,285,1.0,0.8823529411764706,0.9375,0.32967032967032966,329.6703296703297,0.04395604395604396,0.43956043956043955,2.197802197802198
0.8300000000000001,150,0,20,285,1.0,0.8823529411764706,0.9375,0.32967032967032966,329.6703296703297,0.04395604395604396,0.43956043956043955,2.197802197802198
0.8310000000000001,150,0,20,285,1.0,0.8823529411764706,0.9375,0.32967032967032966,329.6703296703297,0.04395604395604396,0.43956043956043955,2.197802197802198
0.8320000000000001,150,0,20,285,1.0,0.8823529411764706,0.9375,0.32967032967032966,329.6703296703297,0.04395604395604396,0.43956043956043955,2.197802197802198
0.8330000000000001,149,0,21,285,1.0,0.8764705882352941,0.9341692789968652,0.3274725274725275,327.4725274725275,0.046153846153846156,0.46153846153846156,2.3076923076923075
0.834,149,0,21,285,1.0,0.8764705882352941,0.9341692789968652,0.3274725274725275,327.4725274725275,0.046153846153846156,0.46153846153846156,2.3076923076923075
0.835,149,0,21,285,1.0,0.8764705882352941,0.9341692789968652,0.3274725274725275,327.4725274725275,0.046153846153846156,0.46153846153846156,2.3076923076923075
0.836,149,0,21,285,1.0,0.8764705882352941,0.9341692789968652,0.3274725274725275,327.4725274725275,0.046153846153846156,0.46153846153846156,2.3076923076923075
0.837,149,0,21,285,1.0,0.8764705882352941,0.9341692789968652,0.3274725274725275,327.4725274725275,0.046153846153846156,0.46153846153846156,2.3076923076923075
0.838,149,0,21,285,1.0,0.8764705882352941,0.9341692789968652,0.3274725274725275,327.4725274725275,0.046153846153846156,0.46153846153846156,2.3076923076923075
0.839,149,0,21,285,1.0,0.8764705882352941,0.9341692789968652,0.3274725274725275,327.4725274725275,0.046153846153846156,0.46153846153846156,2.3076923076923075
0.84,149,0,21,285,1.0,0.8764705882352941,0.9341692789968652,0.3274725274725275,327.4725274725275,0.046153846153846156,0.46153846153846156,2.3076923076923075
0.841,149,0,21,285,1.0,0.8764705882352941,0.9341692789968652,0.3274725274725275,327.4725274725275,0.046153846153846156,0.46153846153846156,2.3076923076923075
0.842,149,0,21,285,1.0,0.8764705882352941,0.9341692789968652,0.3274725274725275,327.4725274725275,0.046153846153846156,0.46153846153846156,2.3076923076923075
0.843,149,0,21,285,1.0,0.8764705882352941,0.9341692789968652,0.3274725274725275,327.4725274725275,0.046153846153846156,0.46153846153846156,2.3076923076923075
0.844,149,0,21,285,1.0,0.8764705882352941,0.9341692789968652,0.3274725274725275,327.4725274725275,0.046153846153846156,0.46153846153846156,2.3076923076923075
0.845,149,0,21,285,1.0,0.8764705882352941,0.9341692789968652,0.3274725274725275,327.4725274725275,0.046153846153846156,0.46153846153846156,2.3076923076923075
0.846,149,0,21,285,1.0,0.8764705882352941,0.9341692789968652,0.3274725274725275,327.4725274725275,0.046153846153846156,0.46153846153846156,2.3076923076923075
0.847,149,0,21,285,1.0,0.8764705882352941,0.9341692789968652,0.3274725274725275,327.4725274725275,0.046153846153846156,0.46153846153846156,2.3076923076923075
0.848,149,0,21,285,1.0,0.8764705882352941,0.9341692789968652,0.3274725274725275,327.4725274725275,0.046153846153846156,0.46153846153846156,2.3076923076923075
0.849,149,0,21,285,1.0,0.8764705882352941,0.9341692789968652,0.3274725274725275,327.4725274725275,0.046153846153846156,0.46153846153846156,2.3076923076923075
0.85,149,0,21,285,1.0,0.8764705882352941,0.9341692789968652,0.3274725274725275,327.4725274725275,0.046153846153846156,0.46153846153846156,2.3076923076923075
0.851,149,0,21,285,1.0,0.8764705882352941,0.9341692789968652,0.3274725274725275,327.4725274725275,0.046153846153846156,0.46153846153846156,2.3076923076923075
0.852,149,0,21,285,1.0,0.8764705882352941,0.9341692789968652,0.3274725274725275,327.4725274725275,0.046153846153846156,0.46153846153846156,2.3076923076923075
0.853,149,0,21,285,1.0,0.8764705882352941,0.9341692789968652,0.3274725274725275,327.4725274725275,0.046153846153846156,0.46153846153846156,2.3076923076923075
0.854,149,0,21,285,1.0,0.8764705882352941,0.9341692789968652,0.3274725274725275,327.4725274725275,0.046153846153846156,0.46153846153846156,2.3076923076923075
0.855,149,0,21,285,1.0,0.8764705882352941,0.9341692789968652,0.3274725274725275,327.4725274725275,0.046153846153846156,0.46153846153846156,2.3076923076923075
0.856,149,0,21,285,1.0,0.8764705882352941,0.9341692789968652,0.3274725274725275,327.4725274725275,0.046153846153846156,0.46153846153846156,2.3076923076923075
0.857,149,0,21,285,1.0,0.8764705882352941,0.9341692789968652,0.3274725274725275,327.4725274725275,0.046153846153846156,0.46153846153846156,2.3076923076923075
0.858,149,0,21,285,1.0,0.8764705882352941,0.9341692789968652,0.3274725274725275,327.4725274725275,0.046153846153846156,0.46153846153846156,2.3076923076923075
0.859,149,0,21,285,1.0,0.8764705882352941,0.9341692789968652,0.3274725274725275,327.4725274725275,0.046153846153846156,0.46153846153846156,2.3076923076923075
0.86,149,0,21,285,1.0,0.8764705882352941,0.9341692789968652,0.3274725274725275,327.4725274725275,0.046153846153846156,0.46153846153846156,2.3076923076923075
0.861,149,0,21,285,1.0,0.8764705882352941,0.9341692789968652,0.3274725274725275,327.4725274725275,0.046153846153846156,0.46153846153846156,2.3076923076923075
0.862,149,0,21,285,1.0,0.8764705882352941,0.9341692789968652,0.3274725274725275,327.4725274725275,0.046153846153846156,0.46153846153846156,2.3076923076923075
0.863,149,0,21,285,1.0,0.8764705882352941,0.9341692789968652,0.3274725274725275,327.4725274725275,0.046153846153846156,0.46153846153846156,2.3076923076923075
0.864,149,0,21,285,1.0,0.8764705882352941,0.9341692789968652,0.3274725274725275,327.4725274725275,0.046153846153846156,0.46153846153846156,2.3076923076923075
0.865,149,0,21,285,1.0,0.8764705882352941,0.9341692789968652,0.3274725274725275,327.4725274725275,0.046153846153846156,0.46153846153846156,2.3076923076923075
0.866,149,0,21,285,1.0,0.8764705882352941,0.9341692789968652,0.3274725274725275,327.4725274725275,0.046153846153846156,0.46153846153846156,2.3076923076923075
0.867,149,0,21,285,1.0,0.8764705882352941,0.9341692789968652,0.3274725274725275,327.4725274725275,0.046153846153846156,0.46153846153846156,2.3076923076923075
0.868,149,0,21,285,1.0,0.8764705882352941,0.9341692789968652,0.3274725274725275,327.4725274725275,0.046153846153846156,0.46153846153846156,2.3076923076923075
0.869,149,0,21,285,1.0,0.8764705882352941,0.9341692789968652,0.3274725274725275,327.4725274725275,0.046153846153846156,0.46153846153846156,2.3076923076923075
0.87,149,0,21,285,1.0,0.8764705882352941,0.9341692789968652,0.3274725274725275,327.4725274725275,0.046153846153846156,0.46153846153846156,2.3076923076923075
0.871,149,0,21,285,1.0,0.8764705882352941,0.9341692789968652,0.3274725274725275,327.4725274725275,0.046153846153846156,0.46153846153846156,2.3076923076923075
0.872,149,0,21,285,1.0,0.8764705882352941,0.9341692789968652,0.3274725274725275,327.4725274725275,0.046153846153846156,0.46153846153846156,2.3076923076923075
0.873,149,0,21,285,1.0,0.8764705882352941,0.9341692789968652,0.3274725274725275,327.4725274725275,0.046153846153846156,0.46153846153846156,2.3076923076923075
0.874,149,0,21,285,1.0,0.8764705882352941,0.9341692789968652,0.3274725274725275,327.4725274725275,0.046153846153846156,0.46153846153846156,2.3076923076923075
0.875,149,0,21,285,1.0,0.8764705882352941,0.9341692789968652,0.3274725274725275,327.4725274725275,0.046153846153846156,0.46153846153846156,2.3076923076923075
0.876,149,0,21,285,1.0,0.8764705882352941,0.9341692789968652,0.3274725274725275,327.4725274725275,0.046153846153846156,0.46153846153846156,2.3076923076923075
0.877,149,0,21,285,1.0,0.8764705882352941,0.9341692789968652,0.3274725274725275,327.4725274725275,0.046153846153846156,0.46153846153846156,2.3076923076923075
0.878,149,0,21,285,1.0,0.8764705882352941,0.9341692789968652,0.3274725274725275,327.4725274725275,0.046153846153846156,0.46153846153846156,2.3076923076923075
0.879,149,0,21,285,1.0,0.8764705882352941,0.9341692789968652,0.3274725274725275,327.4725274725275,0.046153846153846156,0.46153846153846156,2.3076923076923075
0.88,149,0,21,285,1.0,0.8764705882352941,0.9341692789968652,0.3274725274725275,327.4725274725275,0.046153846153846156,0.46153846153846156,2.3076923076923075
0.881,149,0,21,285,1.0,0.8764705882352941,0.9341692789968652,0.3274725274725275,327.4725274725275,0.046153846153846156,0.46153846153846156,2.3076923076923075
0.882,149,0,21,285,1.0,0.8764705882352941,0.9341692789968652,0.3274725274725275,327.4725274725275,0.046153846153846156,0.46153846153846156,2.3076923076923075
0.883,149,0,21,285,1.0,0.8764705882352941,0.9341692789968652,0.3274725274725275,327.4725274725275,0.046153846153846156,0.46153846153846156,2.3076923076923075
0.884,149,0,21,285,1.0,0.8764705882352941,0.9341692789968652,0.3274725274725275,327.4725274725275,0.046153846153846156,0.46153846153846156,2.3076923076923075
0.885,149,0,21,285,1.0,0.8764705882352941,0.9341692789968652,0.3274725274725275,327.4725274725275,0.046153846153846156,0.46153846153846156,2.3076923076923075
0.886,149,0,21,285,1.0,0.8764705882352941,0.9341692789968652,0.3274725274725275,327.4725274725275,0.046153846153846156,0.46153846153846156,2.3076923076923075
0.887,149,0,21,285,1.0,0.8764705882352941,0.9341692789968652,0.3274725274725275,327.4725274725275,0.046153846153846156,0.46153846153846156,2.3076923076923075
0.888,149,0,21,285,1.0,0.8764705882352941,0.9341692789968652,0.3274725274725275,327.4725274725275,0.046153846153846156,0.46153846153846156,2.3076923076923075
0.889,149,0,21,285,1.0,0.8764705882352941,0.9341692789968652,0.3274725274725275,327.4725274725275,0.046153846153846156,0.46153846153846156,2.3076923076923075
0.89,149,0,21,285,1.0,0.8764705882352941,0.9341692789968652,0.3274725274725275,327.4725274725275,0.046153846153846156,0.46153846153846156,2.3076923076923075
0.891,149,0,21,285,1.0,0.8764705882352941,0.9341692789968652,0.3274725274725275,327.4725274725275,0.046153846153846156,0.46153846153846156,2.3076923076923075
0.892,149,0,21,285,1.0,0.8764705882352941,0.9341692789968652,0.3274725274725275,327.4725274725275,0.046153846153846156,0.46153846153846156,2.3076923076923075
0.893,149,0,21,285,1.0,0.8764705882352941,0.9341692789968652,0.3274725274725275,327.4725274725275,0.046153846153846156,0.46153846153846156,2.3076923076923075
0.894,149,0,21,285,1.0,0.8764705882352941,0.9341692789968652,0.3274725274725275,327.4725274725275,0.046153846153846156,0.46153846153846156,2.3076923076923075
0.895,149,0,21,285,1.0,0.8764705882352941,0.9341692789968652,0.3274725274725275,327.4725274725275,0.046153846153846156,0.46153846153846156,2.3076923076923075
0.896,149,0,21,285,1.0,0.8764705882352941,0.9341692789968652,0.3274725274725275,327.4725274725275,0.046153846153846156,0.46153846153846156,2.3076923076923075
0.897,149,0,21,285,1.0,0.8764705882352941,0.9341692789968652,0.3274725274725275,327.4725274725275,0.046153846153846156,0.46153846153846156,2.3076923076923075
0.898,149,0,21,285,1.0,0.8764705882352941,0.9341692789968652,0.3274725274725275,327.4725274725275,0.046153846153846156,0.46153846153846156,2.3076923076923075
0.899,149,0,21,285,1.0,0.8764705882352941,0.9341692789968652,0.3274725274725275,327.4725274725275,0.046153846153846156,0.46153846153846156,2.3076923076923075
0.9,149,0,21,285,1.0,0.8764705882352941,0.9341692789968652,0.3274725274725275,327.4725274725275,0.046153846153846156,0.46153846153846156,2.3076923076923075
0.901,149,0,21,285,1.0,0.8764705882352941,0.9341692789968652,0.3274725274725275,327.4725274725275,0.046153846153846156,0.46153846153846156,2.3076923076923075
0.902,149,0,21,285,1.0,0.8764705882352941,0.9341692789968652,0.3274725274725275,327.4725274725275,0.046153846153846156,0.46153846153846156,2.3076923076923075
0.903,149,0,21,285,1.0,0.8764705882352941,0.9341692789968652,0.3274725274725275,327.4725274725275,0.046153846153846156,0.46153846153846156,2.3076923076923075
0.904,149,0,21,285,1.0,0.8764705882352941,0.9341692789968652,0.3274725274725275,327.4725274725275,0.046153846153846156,0.46153846153846156,2.3076923076923075
0.905,148,0,22,285,1.0,0.8705882352941177,0.9308176100628931,0.3252747252747253,325.2747252747253,0.04835164835164835,0.4835164835164835,2.4175824175824174
0.906,148,0,22,285,1.0,0.8705882352941177,0.9308176100628931,0.3252747252747253,325.2747252747253,0.04835164835164835,0.4835164835164835,2.4175824175824174
0.907,148,0,22,285,1.0,0.8705882352941177,0.9308176100628931,0.3252747252747253,325.2747252747253,0.04835164835164835,0.4835164835164835,2.4175824175824174
0.908,148,0,22,285,1.0,0.8705882352941177,0.9308176100628931,0.3252747252747253,325.2747252747253,0.04835164835164835,0.4835164835164835,2.4175824175824174
0.909,148,0,22,285,1.0,0.8705882352941177,0.9308176100628931,0.3252747252747253,325.2747252747253,0.04835164835164835,0.4835164835164835,2.4175824175824174
0.91,148,0,22,285,1.0,0.8705882352941177,0.9308176100628931,0.3252747252747253,325.2747252747253,0.04835164835164835,0.4835164835164835,2.4175824175824174
0.911,148,0,22,285,1.0,0.8705882352941177,0.9308176100628931,0.3252747252747253,325.2747252747253,0.04835164835164835,0.4835164835164835,2.4175824175824174
0.912,147,0,23,285,1.0,0.8647058823529412,0.9274447949526814,0.3230769230769231,323.0769230769231,0.05054945054945055,0.5054945054945055,2.5274725274725274
0.913,147,0,23,285,1.0,0.8647058823529412,0.9274447949526814,0.3230769230769231,323.0769230769231,0.05054945054945055,0.5054945054945055,2.5274725274725274
0.914,147,0,23,285,1.0,0.8647058823529412,0.9274447949526814,0.3230769230769231,323.0769230769231,0.05054945054945055,0.5054945054945055,2.5274725274725274
0.915,147,0,23,285,1.0,0.8647058823529412,0.9274447949526814,0.3230769230769231,323.0769230769231,0.05054945054945055,0.5054945054945055,2.5274725274725274
0.916,146,0,24,285,1.0,0.8588235294117647,0.9240506329113923,0.3208791208791209,320.87912087912093,0.05274725274725275,0.5274725274725275,2.6373626373626373
0.917,146,0,24,285,1.0,0.8588235294117647,0.9240506329113923,0.3208791208791209,320.87912087912093,0.05274725274725275,0.5274725274725275,2.6373626373626373
0.918,146,0,24,285,1.0,0.8588235294117647,0.9240506329113923,0.3208791208791209,320.87912087912093,0.05274725274725275,0.5274725274725275,2.6373626373626373
0.919,146,0,24,285,1.0,0.8588235294117647,0.9240506329113923,0.3208791208791209,320.87912087912093,0.05274725274725275,0.5274725274725275,2.6373626373626373
0.92,146,0,24,285,1.0,0.8588235294117647,0.9240506329113923,0.3208791208791209,320.87912087912093,0.05274725274725275,0.5274725274725275,2.6373626373626373
0.921,146,0,24,285,1.0,0.8588235294117647,0.9240506329113923,0.3208791208791209,320.87912087912093,0.05274725274725275,0.5274725274725275,2.6373626373626373
0.922,146,0,24,285,1.0,0.8588235294117647,0.9240506329113923,0.3208791208791209,320.87912087912093,0.05274725274725275,0.5274725274725275,2.6373626373626373
0.923,146,0,24,285,1.0,0.8588235294117647,0.9240506329113923,0.3208791208791209,320.87912087912093,0.05274725274725275,0.5274725274725275,2.6373626373626373
0.924,146,0,24,285,1.0,0.8588235294117647,0.9240506329113923,0.3208791208791209,320.87912087912093,0.05274725274725275,0.5274725274725275,2.6373626373626373
0.925,145,0,25,285,1.0,0.8529411764705882,0.9206349206349206,0.31868131868131866,318.68131868131866,0.054945054945054944,0.5494505494505495,2.7472527472527473
0.926,145,0,25,285,1.0,0.8529411764705882,0.9206349206349206,0.31868131868131866,318.68131868131866,0.054945054945054944,0.5494505494505495,2.7472527472527473
0.927,145,0,25,285,1.0,0.8529411764705882,0.9206349206349206,0.31868131868131866,318.68131868131866,0.054945054945054944,0.5494505494505495,2.7472527472527473
0.928,145,0,25,285,1.0,0.8529411764705882,0.9206349206349206,0.31868131868131866,318.68131868131866,0.054945054945054944,0.5494505494505495,2.7472527472527473
0.929,145,0,25,285,1.0,0.8529411764705882,0.9206349206349206,0.31868131868131866,318.68131868131866,0.054945054945054944,0.5494505494505495,2.7472527472527473
0.93,144,0,26,285,1.0,0.8470588235294118,0.9171974522292993,0.31648351648351647,316.4835164835165,0.05714285714285714,0.5714285714285714,2.857142857142857
0.931,144,0,26,285,1.0,0.8470588235294118,0.9171974522292993,0.31648351648351647,316.4835164835165,0.05714285714285714,0.5714285714285714,2.857142857142857
0.932,144,0,26,285,1.0,0.8470588235294118,0.9171974522292993,0.31648351648351647,316.4835164835165,0.05714285714285714,0.5714285714285714,2.857142857142857
0.933,144,0,26,285,1.0,0.8470588235294118,0.9171974522292993,0.31648351648351647,316.4835164835165,0.05714285714285714,0.5714285714285714,2.857142857142857
0.934,143,0,27,285,1.0,0.8411764705882353,0.9137380191693291,0.3142857142857143,314.2857142857143,0.05934065934065934,0.5934065934065934,2.967032967032967
0.935,143,0,27,285,1.0,0.8411764705882353,0.9137380191693291,0.3142857142857143,314.2857142857143,0.05934065934065934,0.5934065934065934,2.967032967032967
0.936,143,0,27,285,1.0,0.8411764705882353,0.9137380191693291,0.3142857142857143,314.2857142857143,0.05934065934065934,0.5934065934065934,2.967032967032967
0.937,143,0,27,285,1.0,0.8411764705882353,0.9137380191693291,0.3142857142857143,314.2857142857143,0.05934065934065934,0.5934065934065934,2.967032967032967
0.9380000000000001,142,0,28,285,1.0,0.8352941176470589,0.9102564102564102,0.3120879120879121,312.0879120879121,0.06153846153846154,0.6153846153846154,3.076923076923077
0.9390000000000001,142,0,28,285,1.0,0.8352941176470589,0.9102564102564102,0.3120879120879121,312.0879120879121,0.06153846153846154,0.6153846153846154,3.076923076923077
0.9400000000000001,142,0,28,285,1.0,0.8352941176470589,0.9102564102564102,0.3120879120879121,312.0879120879121,0.06153846153846154,0.6153846153846154,3.076923076923077
0.9410000000000001,142,0,28,285,1.0,0.8352941176470589,0.9102564102564102,0.3120879120879121,312.0879120879121,0.06153846153846154,0.6153846153846154,3.076923076923077
0.9420000000000001,142,0,28,285,1.0,0.8352941176470589,0.9102564102564102,0.3120879120879121,312.0879120879121,0.06153846153846154,0.6153846153846154,3.076923076923077
0.9430000000000001,142,0,28,285,1.0,0.8352941176470589,0.9102564102564102,0.3120879120879121,312.0879120879121,0.06153846153846154,0.6153846153846154,3.076923076923077
0.9440000000000001,142,0,28,285,1.0,0.8352941176470589,0.9102564102564102,0.3120879120879121,312.0879120879121,0.06153846153846154,0.6153846153846154,3.076923076923077
0.9450000000000001,142,0,28,285,1.0,0.8352941176470589,0.9102564102564102,0.3120879120879121,312.0879120879121,0.06153846153846154,0.6153846153846154,3.076923076923077
0.9460000000000001,142,0,28,285,1.0,0.8352941176470589,0.9102564102564102,0.3120879120879121,312.0879120879121,0.06153846153846154,0.6153846153846154,3.076923076923077
0.9470000000000001,142,0,28,285,1.0,0.8352941176470589,0.9102564102564102,0.3120879120879121,312.0879120879121,0.06153846153846154,0.6153846153846154,3.076923076923077
0.9480000000000001,142,0,28,285,1.0,0.8352941176470589,0.9102564102564102,0.3120879120879121,312.0879120879121,0.06153846153846154,0.6153846153846154,3.076923076923077
0.9490000000000001,142,0,28,285,1.0,0.8352941176470589,0.9102564102564102,0.3120879120879121,312.0879120879121,0.06153846153846154,0.6153846153846154,3.076923076923077
0.9500000000000001,142,0,28,285,1.0,0.8352941176470589,0.9102564102564102,0.3120879120879121,312.0879120879121,0.06153846153846154,0.6153846153846154,3.076923076923077
0.9510000000000001,141,0,29,285,1.0,0.8294117647058824,0.9067524115755626,0.3098901098901099,309.8901098901099,0.06373626373626373,0.6373626373626373,3.1868131868131866
0.9520000000000001,141,0,29,285,1.0,0.8294117647058824,0.9067524115755626,0.3098901098901099,309.8901098901099,0.06373626373626373,0.6373626373626373,3.1868131868131866
0.9530000000000001,141,0,29,285,1.0,0.8294117647058824,0.9067524115755626,0.3098901098901099,309.8901098901099,0.06373626373626373,0.6373626373626373,3.1868131868131866
0.9540000000000001,141,0,29,285,1.0,0.8294117647058824,0.9067524115755626,0.3098901098901099,309.8901098901099,0.06373626373626373,0.6373626373626373,3.1868131868131866
0.9550000000000001,141,0,29,285,1.0,0.8294117647058824,0.9067524115755626,0.3098901098901099,309.8901098901099,0.06373626373626373,0.6373626373626373,3.1868131868131866
0.9560000000000001,141,0,29,285,1.0,0.8294117647058824,0.9067524115755626,0.3098901098901099,309.8901098901099,0.06373626373626373,0.6373626373626373,3.1868131868131866
0.9570000000000001,141,0,29,285,1.0,0.8294117647058824,0.9067524115755626,0.3098901098901099,309.8901098901099,0.06373626373626373,0.6373626373626373,3.1868131868131866
0.9580000000000001,141,0,29,285,1.0,0.8294117647058824,0.9067524115755626,0.3098901098901099,309.8901098901099,0.06373626373626373,0.6373626373626373,3.1868131868131866
0.9590000000000001,141,0,29,285,1.0,0.8294117647058824,0.9067524115755626,0.3098901098901099,309.8901098901099,0.06373626373626373,0.6373626373626373,3.1868131868131866
0.9600000000000001,141,0,29,285,1.0,0.8294117647058824,0.9067524115755626,0.3098901098901099,309.8901098901099,0.06373626373626373,0.6373626373626373,3.1868131868131866
0.961,141,0,29,285,1.0,0.8294117647058824,0.9067524115755626,0.3098901098901099,309.8901098901099,0.06373626373626373,0.6373626373626373,3.1868131868131866
0.962,140,0,30,285,1.0,0.8235294117647058,0.9032258064516129,0.3076923076923077,307.69230769230774,0.06593406593406594,0.6593406593406593,3.2967032967032965
0.963,138,0,32,285,1.0,0.8117647058823529,0.8961038961038961,0.3032967032967033,303.2967032967033,0.07032967032967033,0.7032967032967034,3.5164835164835164
0.964,137,0,33,285,1.0,0.8058823529411765,0.8925081433224756,0.3010989010989011,301.0989010989011,0.07252747252747253,0.7252747252747253,3.6263736263736264
0.965,135,0,35,285,1.0,0.7941176470588235,0.8852459016393442,0.2967032967032967,296.7032967032967,0.07692307692307693,0.7692307692307693,3.8461538461538463
0.966,135,0,35,285,1.0,0.7941176470588235,0.8852459016393442,0.2967032967032967,296.7032967032967,0.07692307692307693,0.7692307692307693,3.8461538461538463
0.967,134,0,36,285,1.0,0.788235294117647,0.8815789473684211,0.2945054945054945,294.50549450549454,0.07912087912087912,0.7912087912087912,3.956043956043956
0.968,133,0,37,285,1.0,0.7823529411764706,0.877887788778878,0.2923076923076923,292.3076923076923,0.08131868131868132,0.8131868131868132,4.065934065934066
0.969,133,0,37,285,1.0,0.7823529411764706,0.877887788778878,0.2923076923076923,292.3076923076923,0.08131868131868132,0.8131868131868132,4.065934065934066
0.97,131,0,39,285,1.0,0.7705882352941177,0.8704318936877077,0.2879120879120879,287.9120879120879,0.08571428571428572,0.8571428571428571,4.285714285714286
0.971,130,0,40,285,1.0,0.7647058823529411,0.8666666666666666,0.2857142857142857,285.7142857142857,0.08791208791208792,0.8791208791208791,4.395604395604396
0.972,130,0,40,285,1.0,0.7647058823529411,0.8666666666666666,0.2857142857142857,285.7142857142857,0.08791208791208792,0.8791208791208791,4.395604395604396
0.973,130,0,40,285,1.0,0.7647058823529411,0.8666666666666666,0.2857142857142857,285.7142857142857,0.08791208791208792,0.8791208791208791,4.395604395604396
0.974,129,0,41,285,1.0,0.7588235294117647,0.862876254180602,0.2835164835164835,283.5164835164835,0.09010989010989011,0.9010989010989011,4.5054945054945055
0.975,129,0,41,285,1.0,0.7588235294117647,0.862876254180602,0.2835164835164835,283.5164835164835,0.09010989010989011,0.9010989010989011,4.5054945054945055
0.976,129,0,41,285,1.0,0.7588235294117647,0.862876254180602,0.2835164835164835,283.5164835164835,0.09010989010989011,0.9010989010989011,4.5054945054945055
0.977,129,0,41,285,1.0,0.7588235294117647,0.862876254180602,0.2835164835164835,283.5164835164835,0.09010989010989011,0.9010989010989011,4.5054945054945055
0.978,129,0,41,285,1.0,0.7588235294117647,0.862876254180602,0.2835164835164835,283.5164835164835,0.09010989010989011,0.9010989010989011,4.5054945054945055
0.979,129,0,41,285,1.0,0.7588235294117647,0.862876254180602,0.2835164835164835,283.5164835164835,0.09010989010989011,0.9010989010989011,4.5054945054945055
0.98,129,0,41,285,1.0,0.7588235294117647,0.862876254180602,0.2835164835164835,283.5164835164835,0.09010989010989011,0.9010989010989011,4.5054945054945055
0.981,129,0,41,285,1.0,0.7588235294117647,0.862876254180602,0.2835164835164835,283.5164835164835,0.09010989010989011,0.9010989010989011,4.5054945054945055
0.982,129,0,41,285,1.0,0.7588235294117647,0.862876254180602,0.2835164835164835,283.5164835164835,0.09010989010989011,0.9010989010989011,4.5054945054945055
0.983,128,0,42,285,1.0,0.7529411764705882,0.8590604026845637,0.2813186813186813,281.31868131868134,0.09230769230769231,0.9230769230769231,4.615384615384615
0.984,128,0,42,285,1.0,0.7529411764705882,0.8590604026845637,0.2813186813186813,281.31868131868134,0.09230769230769231,0.9230769230769231,4.615384615384615
0.985,128,0,42,285,1.0,0.7529411764705882,0.8590604026845637,0.2813186813186813,281.31868131868134,0.09230769230769231,0.9230769230769231,4.615384615384615
0.986,128,0,42,285,1.0,0.7529411764705882,0.8590604026845637,0.2813186813186813,281.31868131868134,0.09230769230769231,0.9230769230769231,4.615384615384615
0.987,128,0,42,285,1.0,0.7529411764705882,0.8590604026845637,0.2813186813186813,281.31868131868134,0.09230769230769231,0.9230769230769231,4.615384615384615
0.988,127,0,43,285,1.0,0.7470588235294118,0.8552188552188552,0.27912087912087913,279.1208791208791,0.0945054945054945,0.945054945054945,4.725274725274725
0.989,125,0,45,285,1.0,0.7352941176470589,0.8474576271186441,0.27472527472527475,274.72527472527474,0.0989010989010989,0.989010989010989,4.945054945054945
0.99,123,0,47,285,1.0,0.7235294117647059,0.8395904436860068,0.2703296703296703,270.3296703296703,0.10329670329670329,1.032967032967033,5.164835164835165
0.991,123,0,47,285,1.0,0.7235294117647059,0.8395904436860068,0.2703296703296703,270.3296703296703,0.10329670329670329,1.032967032967033,5.164835164835165
0.992,121,0,49,285,1.0,0.711764705882353,0.831615120274914,0.26593406593406593,265.9340659340659,0.1076923076923077,1.0769230769230769,5.384615384615385
0.993,120,0,50,285,1.0,0.7058823529411765,0.8275862068965517,0.26373626373626374,263.73626373626377,0.10989010989010989,1.098901098901099,5.4945054945054945
0.994,119,0,51,285,1.0,0.7,0.8235294117647058,0.26153846153846155,261.53846153846155,0.11208791208791209,1.120879120879121,5.604395604395604
0.995,116,0,54,285,1.0,0.6823529411764706,0.8111888111888113,0.2549450549450549,254.94505494505492,0.11868131868131868,1.1868131868131868,5.934065934065934
0.996,111,0,59,285,1.0,0.6529411764705882,0.7900355871886121,0.24395604395604395,243.95604395604394,0.12967032967032968,1.2967032967032968,6.483516483516484
0.997,105,0,65,285,1.0,0.6176470588235294,0.7636363636363637,0.23076923076923078,230.76923076923077,0.14285714285714285,1.4285714285714286,7.142857142857143
0.998,103,0,67,285,1.0,0.6058823529411764,0.7545787545787545,0.22637362637362637,226.37362637362637,0.14725274725274726,1.4725274725274726,7.362637362637362
0.999,98,0,72,285,1.0,0.5764705882352941,0.7313432835820896,0.2153846153846154,215.3846153846154,0.15824175824175823,1.5824175824175823,7.912087912087912
0.9999,80,0,90,285,1.0,0.47058823529411764,0.6399999999999999,0.17582417582417584,175.82417582417582,0.1978021978021978,1.978021978021978,9.89010989010989
